41932222;maria.rodriguez@example.com;Maria;Rodriguez;Lopez;1999/02/15;F;inhabilitado
66096068;maria.rodriguez@example.com;Maria;Rodriguez;Lopez;1999/02/15;F;inhabilitado
49270209;maria.rodriguez@example.com;Maria;Rodriguez;Lopez;1999/02/15;F;inhabilitado
79528061;maria.rodriguez@example.com;Maria;Rodriguez;Lopez;1999/02/15;F;inhabilitado
29232450;maria.rodriguez@example.com;Maria;Rodriguez;Lopez;1999/02/15;F;inhabilitado
81190199;maria.rodriguez@example.com;Maria;Rodriguez;Lopez;1999/02/15;F;inhabilitado
44402103;maria.rodriguez@example.com;Maria;Rodriguez;Lopez;1999/02/15;F;inhabilitado
65738616;maria.rodriguez@example.com;Maria;Rodriguez;Lopez;1999/02/15;F;inhabilitado
38605140;maria.rodriguez@example.com;Maria;Rodriguez;Lopez;1999/02/15;F;inhabilitado
78551708;maria.rodriguez@example.com;Maria;Rodriguez;Lopez;1999/02/15;F;inhabilitado
93340532;maria.rodriguez@example.com;Maria;Rodriguez;Lopez;1999/02/15;F;inhabilitado
39049265;maria.rodriguez@example.com;Maria;Rodriguez;Lopez;1999/02/15;F;inhabilitado
34040617;maria.rodriguez@example.com;Maria;Rodriguez;Lopez;1999/02/15;F;inhabilitado
68876129;maria.rodriguez@example.com;Maria;Rodriguez;Lopez;1999/02/15;F;inhabilitado
85609912;maria.rodriguez@example.com;Maria;Rodriguez;Lopez;1999/02/15;F;inhabilitado
28069325;maria.rodriguez@example.com;Maria;Rodriguez;Lopez;1999/02/15;F;inhabilitado
66865387;maria.rodriguez@example.com;Maria;Rodriguez;Lopez;1999/02/15;F;inhabilitado
66564580;maria.rodriguez@example.com;Maria;Rodriguez;Lopez;1999/02/15;F;inhabilitado
94570646;maria.rodriguez@example.com;Maria;Rodriguez;Lopez;1999/02/15;F;inhabilitado
90397100;maria.rodriguez@example.com;Maria;Rodriguez;Lopez;1999/02/15;F;inhabilitado
41859275;maria.rodriguez@example.com;Maria;Rodriguez;Lopez;1999/02/15;F;inhabilitado
21798110;maria.rodriguez@example.com;Maria;Rodriguez;Lopez;1999/02/15;F;inhabilitado
31925741;maria.rodriguez@example.com;Maria;Rodriguez;Lopez;1999/02/15;F;inhabilitado
52744825;maria.rodriguez@example.com;Maria;Rodriguez;Lopez;1999/02/15;F;inhabilitado
38723996;maria.rodriguez@example.com;Maria;Rodriguez;Lopez;1999/02/15;F;inhabilitado
70503421;maria.rodriguez@example.com;Maria;Rodriguez;Lopez;1999/02/15;F;inhabilitado
35571732;maria.rodriguez@example.com;Maria;Rodriguez;Lopez;1999/02/15;F;inhabilitado
73717707;maria.rodriguez@example.com;Maria;Rodriguez;Lopez;1999/02/15;F;inhabilitado
65074466;maria.rodriguez@example.com;Maria;Rodriguez;Lopez;1999/02/15;F;inhabilitado
82989595;maria.rodriguez@example.com;Maria;Rodriguez;Lopez;1999/02/15;F;inhabilitado
56905725;maria.rodriguez@example.com;Maria;Rodriguez;Lopez;1999/02/15;F;inhabilitado
71115140;maria.rodriguez@example.com;Maria;Rodriguez;Lopez;1999/02/15;F;inhabilitado
88412290;maria.rodriguez@example.com;Maria;Rodriguez;Lopez;1999/02/15;F;inhabilitado
14535848;maria.rodriguez@example.com;Maria;Rodriguez;Lopez;1999/02/15;F;inhabilitado
33824044;maria.rodriguez@example.com;Maria;Rodriguez;Lopez;1999/02/15;F;inhabilitado
25209479;maria.rodriguez@example.com;Maria;Rodriguez;Lopez;1999/02/15;F;inhabilitado
26645593;maria.rodriguez@example.com;Maria;Rodriguez;Lopez;1999/02/15;F;inhabilitado
85961685;maria.rodriguez@example.com;Maria;Rodriguez;Lopez;1999/02/15;F;inhabilitado
47390095;maria.rodriguez@example.com;Maria;Rodriguez;Lopez;1999/02/15;F;inhabilitado
66770711;maria.rodriguez@example.com;Maria;Rodriguez;Lopez;1999/02/15;F;inhabilitado
37364590;maria.rodriguez@example.com;Maria;Rodriguez;Lopez;1999/02/15;F;inhabilitado
41885032;maria.rodriguez@example.com;Maria;Rodriguez;Lopez;1999/02/15;F;inhabilitado
17539993;maria.rodriguez@example.com;Maria;Rodriguez;Lopez;1999/02/15;F;inhabilitado
99570460;maria.rodriguez@example.com;Maria;Rodriguez;Lopez;1999/02/15;F;inhabilitado
59087608;maria.rodriguez@example.com;Maria;Rodriguez;Lopez;1999/02/15;F;inhabilitado
31877514;maria.rodriguez@example.com;Maria;Rodriguez;Lopez;1999/02/15;F;inhabilitado
99732063;maria.rodriguez@example.com;Maria;Rodriguez;Lopez;1999/02/15;F;inhabilitado
60360741;maria.rodriguez@example.com;Maria;Rodriguez;Lopez;1999/02/15;F;inhabilitado
18592030;maria.rodriguez@example.com;Maria;Rodriguez;Lopez;1999/02/15;F;inhabilitado
92655336;maria.rodriguez@example.com;Maria;Rodriguez;Lopez;1999/02/15;F;inhabilitado
99048612;maria.rodriguez@example.com;Maria;Rodriguez;Lopez;1999/02/15;F;inhabilitado
17213970;maria.rodriguez@example.com;Maria;Rodriguez;Lopez;1999/02/15;F;inhabilitado
64500103;maria.rodriguez@example.com;Maria;Rodriguez;Lopez;1999/02/15;F;inhabilitado
63829604;maria.rodriguez@example.com;Maria;Rodriguez;Lopez;1999/02/15;F;inhabilitado
53045953;maria.rodriguez@example.com;Maria;Rodriguez;Lopez;1999/02/15;F;inhabilitado
96407373;maria.rodriguez@example.com;Maria;Rodriguez;Lopez;1999/02/15;F;inhabilitado
44529032;maria.rodriguez@example.com;Maria;Rodriguez;Lopez;1999/02/15;F;inhabilitado
81297753;maria.rodriguez@example.com;Maria;Rodriguez;Lopez;1999/02/15;F;inhabilitado
10453323;maria.rodriguez@example.com;Maria;Rodriguez;Lopez;1999/02/15;F;inhabilitado
37640354;maria.rodriguez@example.com;Maria;Rodriguez;Lopez;1999/02/15;F;inhabilitado
96258132;maria.rodriguez@example.com;Maria;Rodriguez;Lopez;1999/02/15;F;inhabilitado
94359088;maria.rodriguez@example.com;Maria;Rodriguez;Lopez;1999/02/15;F;inhabilitado
18871017;maria.rodriguez@example.com;Maria;Rodriguez;Lopez;1999/02/15;F;inhabilitado
64210029;maria.rodriguez@example.com;Maria;Rodriguez;Lopez;1999/02/15;F;inhabilitado
47387718;maria.rodriguez@example.com;Maria;Rodriguez;Lopez;1999/02/15;F;inhabilitado
30914624;maria.rodriguez@example.com;Maria;Rodriguez;Lopez;1999/02/15;F;inhabilitado
94007340;maria.rodriguez@example.com;Maria;Rodriguez;Lopez;1999/02/15;F;inhabilitado
13460703;maria.rodriguez@example.com;Maria;Rodriguez;Lopez;1999/02/15;F;inhabilitado
55434007;maria.rodriguez@example.com;Maria;Rodriguez;Lopez;1999/02/15;F;inhabilitado
56571087;maria.rodriguez@example.com;Maria;Rodriguez;Lopez;1999/02/15;F;inhabilitado
97542547;maria.rodriguez@example.com;Maria;Rodriguez;Lopez;1999/02/15;F;inhabilitado
23355811;maria.rodriguez@example.com;Maria;Rodriguez;Lopez;1999/02/15;F;inhabilitado
59308412;maria.rodriguez@example.com;Maria;Rodriguez;Lopez;1999/02/15;F;inhabilitado
81939372;maria.rodriguez@example.com;Maria;Rodriguez;Lopez;1999/02/15;F;inhabilitado
54113814;maria.rodriguez@example.com;Maria;Rodriguez;Lopez;1999/02/15;F;inhabilitado
66895460;maria.rodriguez@example.com;Maria;Rodriguez;Lopez;1999/02/15;F;inhabilitado
86599059;maria.rodriguez@example.com;Maria;Rodriguez;Lopez;1999/02/15;F;inhabilitado
71617915;maria.rodriguez@example.com;Maria;Rodriguez;Lopez;1999/02/15;F;inhabilitado
12390676;maria.rodriguez@example.com;Maria;Rodriguez;Lopez;1999/02/15;F;inhabilitado
79501073;maria.rodriguez@example.com;Maria;Rodriguez;Lopez;1999/02/15;F;inhabilitado
93705244;maria.rodriguez@example.com;Maria;Rodriguez;Lopez;1999/02/15;F;inhabilitado
56494020;maria.rodriguez@example.com;Maria;Rodriguez;Lopez;1999/02/15;F;inhabilitado
11913148;maria.rodriguez@example.com;Maria;Rodriguez;Lopez;1999/02/15;F;inhabilitado
11069767;maria.rodriguez@example.com;Maria;Rodriguez;Lopez;1999/02/15;F;inhabilitado
95463903;maria.rodriguez@example.com;Maria;Rodriguez;Lopez;1999/02/15;F;inhabilitado
73999914;maria.rodriguez@example.com;Maria;Rodriguez;Lopez;1999/02/15;F;inhabilitado
64406406;maria.rodriguez@example.com;Maria;Rodriguez;Lopez;1999/02/15;F;inhabilitado
97100936;maria.rodriguez@example.com;Maria;Rodriguez;Lopez;1999/02/15;F;inhabilitado
72701639;maria.rodriguez@example.com;Maria;Rodriguez;Lopez;1999/02/15;F;inhabilitado
69811001;maria.rodriguez@example.com;Maria;Rodriguez;Lopez;1999/02/15;F;inhabilitado
18610475;maria.rodriguez@example.com;Maria;Rodriguez;Lopez;1999/02/15;F;inhabilitado
88403817;maria.rodriguez@example.com;Maria;Rodriguez;Lopez;1999/02/15;F;inhabilitado
49808369;maria.rodriguez@example.com;Maria;Rodriguez;Lopez;1999/02/15;F;inhabilitado
73750406;maria.rodriguez@example.com;Maria;Rodriguez;Lopez;1999/02/15;F;inhabilitado
92122850;maria.rodriguez@example.com;Maria;Rodriguez;Lopez;1999/02/15;F;inhabilitado
95807714;maria.rodriguez@example.com;Maria;Rodriguez;Lopez;1999/02/15;F;inhabilitado
47647718;maria.rodriguez@example.com;Maria;Rodriguez;Lopez;1999/02/15;F;inhabilitado
42214426;maria.rodriguez@example.com;Maria;Rodriguez;Lopez;1999/02/15;F;inhabilitado
77665017;maria.rodriguez@example.com;Maria;Rodriguez;Lopez;1999/02/15;F;inhabilitado
13100402;maria.rodriguez@example.com;Maria;Rodriguez;Lopez;1999/02/15;F;inhabilitado
16717081;maria.rodriguez@example.com;Maria;Rodriguez;Lopez;1999/02/15;F;inhabilitado
41024095;maria.rodriguez@example.com;Maria;Rodriguez;Lopez;1999/02/15;F;inhabilitado
17490350;maria.rodriguez@example.com;Maria;Rodriguez;Lopez;1999/02/15;F;inhabilitado
18963838;maria.rodriguez@example.com;Maria;Rodriguez;Lopez;1999/02/15;F;inhabilitado
37370794;maria.rodriguez@example.com;Maria;Rodriguez;Lopez;1999/02/15;F;inhabilitado
17924638;maria.rodriguez@example.com;Maria;Rodriguez;Lopez;1999/02/15;F;inhabilitado
12072196;maria.rodriguez@example.com;Maria;Rodriguez;Lopez;1999/02/15;F;inhabilitado
91574485;maria.rodriguez@example.com;Maria;Rodriguez;Lopez;1999/02/15;F;inhabilitado
55396972;maria.rodriguez@example.com;Maria;Rodriguez;Lopez;1999/02/15;F;inhabilitado
99488331;maria.rodriguez@example.com;Maria;Rodriguez;Lopez;1999/02/15;F;inhabilitado
57344659;maria.rodriguez@example.com;Maria;Rodriguez;Lopez;1999/02/15;F;inhabilitado
66662221;maria.rodriguez@example.com;Maria;Rodriguez;Lopez;1999/02/15;F;inhabilitado
90293919;maria.rodriguez@example.com;Maria;Rodriguez;Lopez;1999/02/15;F;inhabilitado
97274830;maria.rodriguez@example.com;Maria;Rodriguez;Lopez;1999/02/15;F;inhabilitado
65264045;maria.rodriguez@example.com;Maria;Rodriguez;Lopez;1999/02/15;F;inhabilitado
82755569;maria.rodriguez@example.com;Maria;Rodriguez;Lopez;1999/02/15;F;inhabilitado
76957153;maria.rodriguez@example.com;Maria;Rodriguez;Lopez;1999/02/15;F;inhabilitado
60900339;maria.rodriguez@example.com;Maria;Rodriguez;Lopez;1999/02/15;F;inhabilitado
82330789;maria.rodriguez@example.com;Maria;Rodriguez;Lopez;1999/02/15;F;inhabilitado
85724415;maria.rodriguez@example.com;Maria;Rodriguez;Lopez;1999/02/15;F;inhabilitado
32378697;maria.rodriguez@example.com;Maria;Rodriguez;Lopez;1999/02/15;F;inhabilitado
25376264;maria.rodriguez@example.com;Maria;Rodriguez;Lopez;1999/02/15;F;inhabilitado
47361987;maria.rodriguez@example.com;Maria;Rodriguez;Lopez;1999/02/15;F;inhabilitado
95197395;maria.rodriguez@example.com;Maria;Rodriguez;Lopez;1999/02/15;F;inhabilitado
14943967;maria.rodriguez@example.com;Maria;Rodriguez;Lopez;1999/02/15;F;inhabilitado
39991721;maria.rodriguez@example.com;Maria;Rodriguez;Lopez;1999/02/15;F;inhabilitado
88580064;maria.rodriguez@example.com;Maria;Rodriguez;Lopez;1999/02/15;F;inhabilitado
79663514;maria.rodriguez@example.com;Maria;Rodriguez;Lopez;1999/02/15;F;inhabilitado
50373168;maria.rodriguez@example.com;Maria;Rodriguez;Lopez;1999/02/15;F;inhabilitado
22453143;maria.rodriguez@example.com;Maria;Rodriguez;Lopez;1999/02/15;F;inhabilitado
82608144;maria.rodriguez@example.com;Maria;Rodriguez;Lopez;1999/02/15;F;inhabilitado
65832207;maria.rodriguez@example.com;Maria;Rodriguez;Lopez;1999/02/15;F;inhabilitado
99376527;maria.rodriguez@example.com;Maria;Rodriguez;Lopez;1999/02/15;F;inhabilitado
30573728;maria.rodriguez@example.com;Maria;Rodriguez;Lopez;1999/02/15;F;inhabilitado
48221734;maria.rodriguez@example.com;Maria;Rodriguez;Lopez;1999/02/15;F;inhabilitado
80402860;maria.rodriguez@example.com;Maria;Rodriguez;Lopez;1999/02/15;F;inhabilitado
88532447;maria.rodriguez@example.com;Maria;Rodriguez;Lopez;1999/02/15;F;inhabilitado
18058890;maria.rodriguez@example.com;Maria;Rodriguez;Lopez;1999/02/15;F;inhabilitado
34017949;maria.rodriguez@example.com;Maria;Rodriguez;Lopez;1999/02/15;F;inhabilitado
92183427;maria.rodriguez@example.com;Maria;Rodriguez;Lopez;1999/02/15;F;inhabilitado
46579255;maria.rodriguez@example.com;Maria;Rodriguez;Lopez;1999/02/15;F;inhabilitado
84089664;maria.rodriguez@example.com;Maria;Rodriguez;Lopez;1999/02/15;F;inhabilitado
24763093;maria.rodriguez@example.com;Maria;Rodriguez;Lopez;1999/02/15;F;inhabilitado
39563584;maria.rodriguez@example.com;Maria;Rodriguez;Lopez;1999/02/15;F;inhabilitado
29176155;maria.rodriguez@example.com;Maria;Rodriguez;Lopez;1999/02/15;F;inhabilitado
15873456;maria.rodriguez@example.com;Maria;Rodriguez;Lopez;1999/02/15;F;inhabilitado
31999413;maria.rodriguez@example.com;Maria;Rodriguez;Lopez;1999/02/15;F;inhabilitado
30361277;maria.rodriguez@example.com;Maria;Rodriguez;Lopez;1999/02/15;F;inhabilitado
75854373;maria.rodriguez@example.com;Maria;Rodriguez;Lopez;1999/02/15;F;inhabilitado
24831671;maria.rodriguez@example.com;Maria;Rodriguez;Lopez;1999/02/15;F;inhabilitado
80505394;maria.rodriguez@example.com;Maria;Rodriguez;Lopez;1999/02/15;F;inhabilitado
41188900;maria.rodriguez@example.com;Maria;Rodriguez;Lopez;1999/02/15;F;inhabilitado
23320125;maria.rodriguez@example.com;Maria;Rodriguez;Lopez;1999/02/15;F;inhabilitado
67661434;maria.rodriguez@example.com;Maria;Rodriguez;Lopez;1999/02/15;F;inhabilitado
93989060;maria.rodriguez@example.com;Maria;Rodriguez;Lopez;1999/02/15;F;inhabilitado
90621880;maria.rodriguez@example.com;Maria;Rodriguez;Lopez;1999/02/15;F;inhabilitado
21363925;maria.rodriguez@example.com;Maria;Rodriguez;Lopez;1999/02/15;F;inhabilitado
62952061;maria.rodriguez@example.com;Maria;Rodriguez;Lopez;1999/02/15;F;inhabilitado
36979648;maria.rodriguez@example.com;Maria;Rodriguez;Lopez;1999/02/15;F;inhabilitado
36580231;maria.rodriguez@example.com;Maria;Rodriguez;Lopez;1999/02/15;F;inhabilitado
54940989;maria.rodriguez@example.com;Maria;Rodriguez;Lopez;1999/02/15;F;inhabilitado
78523877;maria.rodriguez@example.com;Maria;Rodriguez;Lopez;1999/02/15;F;inhabilitado
29036742;maria.rodriguez@example.com;Maria;Rodriguez;Lopez;1999/02/15;F;inhabilitado
63063478;maria.rodriguez@example.com;Maria;Rodriguez;Lopez;1999/02/15;F;inhabilitado
14310423;maria.rodriguez@example.com;Maria;Rodriguez;Lopez;1999/02/15;F;inhabilitado
32874077;maria.rodriguez@example.com;Maria;Rodriguez;Lopez;1999/02/15;F;inhabilitado
72890479;maria.rodriguez@example.com;Maria;Rodriguez;Lopez;1999/02/15;F;inhabilitado
38871718;maria.rodriguez@example.com;Maria;Rodriguez;Lopez;1999/02/15;F;inhabilitado
86721751;maria.rodriguez@example.com;Maria;Rodriguez;Lopez;1999/02/15;F;inhabilitado
82603987;maria.rodriguez@example.com;Maria;Rodriguez;Lopez;1999/02/15;F;inhabilitado
25136152;maria.rodriguez@example.com;Maria;Rodriguez;Lopez;1999/02/15;F;inhabilitado
80622374;maria.rodriguez@example.com;Maria;Rodriguez;Lopez;1999/02/15;F;inhabilitado
69136099;maria.rodriguez@example.com;Maria;Rodriguez;Lopez;1999/02/15;F;inhabilitado
65610912;maria.rodriguez@example.com;Maria;Rodriguez;Lopez;1999/02/15;F;inhabilitado
23577908;maria.rodriguez@example.com;Maria;Rodriguez;Lopez;1999/02/15;F;inhabilitado
70404664;maria.rodriguez@example.com;Maria;Rodriguez;Lopez;1999/02/15;F;inhabilitado
89335652;maria.rodriguez@example.com;Maria;Rodriguez;Lopez;1999/02/15;F;inhabilitado
31310097;maria.rodriguez@example.com;Maria;Rodriguez;Lopez;1999/02/15;F;inhabilitado
39010232;maria.rodriguez@example.com;Maria;Rodriguez;Lopez;1999/02/15;F;inhabilitado
65828801;maria.rodriguez@example.com;Maria;Rodriguez;Lopez;1999/02/15;F;inhabilitado
68045965;maria.rodriguez@example.com;Maria;Rodriguez;Lopez;1999/02/15;F;inhabilitado
64502928;maria.rodriguez@example.com;Maria;Rodriguez;Lopez;1999/02/15;F;inhabilitado
19265369;maria.rodriguez@example.com;Maria;Rodriguez;Lopez;1999/02/15;F;inhabilitado
73572301;maria.rodriguez@example.com;Maria;Rodriguez;Lopez;1999/02/15;F;inhabilitado
47757124;maria.rodriguez@example.com;Maria;Rodriguez;Lopez;1999/02/15;F;inhabilitado
76986529;maria.rodriguez@example.com;Maria;Rodriguez;Lopez;1999/02/15;F;inhabilitado
82810414;maria.rodriguez@example.com;Maria;Rodriguez;Lopez;1999/02/15;F;inhabilitado
62185280;maria.rodriguez@example.com;Maria;Rodriguez;Lopez;1999/02/15;F;inhabilitado
50178455;maria.rodriguez@example.com;Maria;Rodriguez;Lopez;1999/02/15;F;inhabilitado
72953217;maria.rodriguez@example.com;Maria;Rodriguez;Lopez;1999/02/15;F;inhabilitado
96476883;maria.rodriguez@example.com;Maria;Rodriguez;Lopez;1999/02/15;F;inhabilitado
60336863;maria.rodriguez@example.com;Maria;Rodriguez;Lopez;1999/02/15;F;inhabilitado
72990271;maria.rodriguez@example.com;Maria;Rodriguez;Lopez;1999/02/15;F;inhabilitado
12433416;maria.rodriguez@example.com;Maria;Rodriguez;Lopez;1999/02/15;F;inhabilitado
89840802;maria.rodriguez@example.com;Maria;Rodriguez;Lopez;1999/02/15;F;inhabilitado
15835555;maria.rodriguez@example.com;Maria;Rodriguez;Lopez;1999/02/15;F;inhabilitado
41749890;maria.rodriguez@example.com;Maria;Rodriguez;Lopez;1999/02/15;F;inhabilitado
11015222;maria.rodriguez@example.com;Maria;Rodriguez;Lopez;1999/02/15;F;inhabilitado
97532774;maria.rodriguez@example.com;Maria;Rodriguez;Lopez;1999/02/15;F;inhabilitado
64180671;maria.rodriguez@example.com;Maria;Rodriguez;Lopez;1999/02/15;F;inhabilitado
16296325;maria.rodriguez@example.com;Maria;Rodriguez;Lopez;1999/02/15;F;inhabilitado
39398070;maria.rodriguez@example.com;Maria;Rodriguez;Lopez;1999/02/15;F;inhabilitado
70331736;maria.rodriguez@example.com;Maria;Rodriguez;Lopez;1999/02/15;F;inhabilitado
46091238;maria.rodriguez@example.com;Maria;Rodriguez;Lopez;1999/02/15;F;inhabilitado
41979203;maria.rodriguez@example.com;Maria;Rodriguez;Lopez;1999/02/15;F;inhabilitado
14081176;maria.rodriguez@example.com;Maria;Rodriguez;Lopez;1999/02/15;F;inhabilitado
45766374;maria.rodriguez@example.com;Maria;Rodriguez;Lopez;1999/02/15;F;inhabilitado
97266859;maria.rodriguez@example.com;Maria;Rodriguez;Lopez;1999/02/15;F;inhabilitado
72088729;maria.rodriguez@example.com;Maria;Rodriguez;Lopez;1999/02/15;F;inhabilitado
82783744;maria.rodriguez@example.com;Maria;Rodriguez;Lopez;1999/02/15;F;inhabilitado
69416521;maria.rodriguez@example.com;Maria;Rodriguez;Lopez;1999/02/15;F;inhabilitado
67204540;maria.rodriguez@example.com;Maria;Rodriguez;Lopez;1999/02/15;F;inhabilitado
59602017;maria.rodriguez@example.com;Maria;Rodriguez;Lopez;1999/02/15;F;inhabilitado
82203180;maria.rodriguez@example.com;Maria;Rodriguez;Lopez;1999/02/15;F;inhabilitado
61290705;maria.rodriguez@example.com;Maria;Rodriguez;Lopez;1999/02/15;F;inhabilitado
92706628;maria.rodriguez@example.com;Maria;Rodriguez;Lopez;1999/02/15;F;inhabilitado
83469574;maria.rodriguez@example.com;Maria;Rodriguez;Lopez;1999/02/15;F;inhabilitado
62031630;maria.rodriguez@example.com;Maria;Rodriguez;Lopez;1999/02/15;F;inhabilitado
98618319;maria.rodriguez@example.com;Maria;Rodriguez;Lopez;1999/02/15;F;inhabilitado
11479506;maria.rodriguez@example.com;Maria;Rodriguez;Lopez;1999/02/15;F;inhabilitado
11359445;maria.rodriguez@example.com;Maria;Rodriguez;Lopez;1999/02/15;F;inhabilitado
60894488;maria.rodriguez@example.com;Maria;Rodriguez;Lopez;1999/02/15;F;inhabilitado
88357489;maria.rodriguez@example.com;Maria;Rodriguez;Lopez;1999/02/15;F;inhabilitado
71013411;maria.rodriguez@example.com;Maria;Rodriguez;Lopez;1999/02/15;F;inhabilitado
71781014;maria.rodriguez@example.com;Maria;Rodriguez;Lopez;1999/02/15;F;inhabilitado
12373971;maria.rodriguez@example.com;Maria;Rodriguez;Lopez;1999/02/15;F;inhabilitado
70038321;maria.rodriguez@example.com;Maria;Rodriguez;Lopez;1999/02/15;F;inhabilitado
11366757;maria.rodriguez@example.com;Maria;Rodriguez;Lopez;1999/02/15;F;inhabilitado
10543628;maria.rodriguez@example.com;Maria;Rodriguez;Lopez;1999/02/15;F;inhabilitado
78176493;maria.rodriguez@example.com;Maria;Rodriguez;Lopez;1999/02/15;F;inhabilitado
10260440;maria.rodriguez@example.com;Maria;Rodriguez;Lopez;1999/02/15;F;inhabilitado
67329451;maria.rodriguez@example.com;Maria;Rodriguez;Lopez;1999/02/15;F;inhabilitado
68256561;maria.rodriguez@example.com;Maria;Rodriguez;Lopez;1999/02/15;F;inhabilitado
64913189;maria.rodriguez@example.com;Maria;Rodriguez;Lopez;1999/02/15;F;inhabilitado
47821972;maria.rodriguez@example.com;Maria;Rodriguez;Lopez;1999/02/15;F;inhabilitado
78300116;maria.rodriguez@example.com;Maria;Rodriguez;Lopez;1999/02/15;F;inhabilitado
71507979;maria.rodriguez@example.com;Maria;Rodriguez;Lopez;1999/02/15;F;inhabilitado
39382255;maria.rodriguez@example.com;Maria;Rodriguez;Lopez;1999/02/15;F;inhabilitado
98340110;maria.rodriguez@example.com;Maria;Rodriguez;Lopez;1999/02/15;F;inhabilitado
92867850;maria.rodriguez@example.com;Maria;Rodriguez;Lopez;1999/02/15;F;inhabilitado
87107257;maria.rodriguez@example.com;Maria;Rodriguez;Lopez;1999/02/15;F;inhabilitado
21093207;maria.rodriguez@example.com;Maria;Rodriguez;Lopez;1999/02/15;F;inhabilitado
21307282;maria.rodriguez@example.com;Maria;Rodriguez;Lopez;1999/02/15;F;inhabilitado
46411096;maria.rodriguez@example.com;Maria;Rodriguez;Lopez;1999/02/15;F;inhabilitado
24554520;maria.rodriguez@example.com;Maria;Rodriguez;Lopez;1999/02/15;F;inhabilitado
77735269;maria.rodriguez@example.com;Maria;Rodriguez;Lopez;1999/02/15;F;inhabilitado
54611601;maria.rodriguez@example.com;Maria;Rodriguez;Lopez;1999/02/15;F;inhabilitado
88860950;maria.rodriguez@example.com;Maria;Rodriguez;Lopez;1999/02/15;F;inhabilitado
51666395;maria.rodriguez@example.com;Maria;Rodriguez;Lopez;1999/02/15;F;inhabilitado
36026647;maria.rodriguez@example.com;Maria;Rodriguez;Lopez;1999/02/15;F;inhabilitado
26890694;maria.rodriguez@example.com;Maria;Rodriguez;Lopez;1999/02/15;F;inhabilitado
37793848;maria.rodriguez@example.com;Maria;Rodriguez;Lopez;1999/02/15;F;inhabilitado
94924895;maria.rodriguez@example.com;Maria;Rodriguez;Lopez;1999/02/15;F;inhabilitado
24666666;maria.rodriguez@example.com;Maria;Rodriguez;Lopez;1999/02/15;F;inhabilitado
92624456;maria.rodriguez@example.com;Maria;Rodriguez;Lopez;1999/02/15;F;inhabilitado
59629075;maria.rodriguez@example.com;Maria;Rodriguez;Lopez;1999/02/15;F;inhabilitado
91057237;maria.rodriguez@example.com;Maria;Rodriguez;Lopez;1999/02/15;F;inhabilitado
43426542;maria.rodriguez@example.com;Maria;Rodriguez;Lopez;1999/02/15;F;inhabilitado
93512312;maria.rodriguez@example.com;Maria;Rodriguez;Lopez;1999/02/15;F;inhabilitado
73368766;maria.rodriguez@example.com;Maria;Rodriguez;Lopez;1999/02/15;F;inhabilitado
17033916;maria.rodriguez@example.com;Maria;Rodriguez;Lopez;1999/02/15;F;inhabilitado
11780589;maria.rodriguez@example.com;Maria;Rodriguez;Lopez;1999/02/15;F;inhabilitado
64373587;maria.rodriguez@example.com;Maria;Rodriguez;Lopez;1999/02/15;F;inhabilitado
47408236;maria.rodriguez@example.com;Maria;Rodriguez;Lopez;1999/02/15;F;inhabilitado
42691077;maria.rodriguez@example.com;Maria;Rodriguez;Lopez;1999/02/15;F;inhabilitado
66468114;maria.rodriguez@example.com;Maria;Rodriguez;Lopez;1999/02/15;F;inhabilitado
45796477;maria.rodriguez@example.com;Maria;Rodriguez;Lopez;1999/02/15;F;inhabilitado
98549801;maria.rodriguez@example.com;Maria;Rodriguez;Lopez;1999/02/15;F;inhabilitado
70310005;maria.rodriguez@example.com;Maria;Rodriguez;Lopez;1999/02/15;F;inhabilitado
32514431;maria.rodriguez@example.com;Maria;Rodriguez;Lopez;1999/02/15;F;inhabilitado
73290317;maria.rodriguez@example.com;Maria;Rodriguez;Lopez;1999/02/15;F;inhabilitado
63499976;maria.rodriguez@example.com;Maria;Rodriguez;Lopez;1999/02/15;F;inhabilitado
24511146;maria.rodriguez@example.com;Maria;Rodriguez;Lopez;1999/02/15;F;inhabilitado
57223785;maria.rodriguez@example.com;Maria;Rodriguez;Lopez;1999/02/15;F;inhabilitado
56734003;maria.rodriguez@example.com;Maria;Rodriguez;Lopez;1999/02/15;F;inhabilitado
26680667;maria.rodriguez@example.com;Maria;Rodriguez;Lopez;1999/02/15;F;inhabilitado
32980504;maria.rodriguez@example.com;Maria;Rodriguez;Lopez;1999/02/15;F;inhabilitado
59206353;maria.rodriguez@example.com;Maria;Rodriguez;Lopez;1999/02/15;F;inhabilitado
50426079;maria.rodriguez@example.com;Maria;Rodriguez;Lopez;1999/02/15;F;inhabilitado
42954208;maria.rodriguez@example.com;Maria;Rodriguez;Lopez;1999/02/15;F;inhabilitado
41149686;maria.rodriguez@example.com;Maria;Rodriguez;Lopez;1999/02/15;F;inhabilitado
76941679;maria.rodriguez@example.com;Maria;Rodriguez;Lopez;1999/02/15;F;inhabilitado
95458421;maria.rodriguez@example.com;Maria;Rodriguez;Lopez;1999/02/15;F;inhabilitado
30857196;maria.rodriguez@example.com;Maria;Rodriguez;Lopez;1999/02/15;F;inhabilitado
98750617;maria.rodriguez@example.com;Maria;Rodriguez;Lopez;1999/02/15;F;inhabilitado
65257769;maria.rodriguez@example.com;Maria;Rodriguez;Lopez;1999/02/15;F;inhabilitado
39266984;maria.rodriguez@example.com;Maria;Rodriguez;Lopez;1999/02/15;F;inhabilitado
14176554;maria.rodriguez@example.com;Maria;Rodriguez;Lopez;1999/02/15;F;inhabilitado
54708902;maria.rodriguez@example.com;Maria;Rodriguez;Lopez;1999/02/15;F;inhabilitado
64744928;maria.rodriguez@example.com;Maria;Rodriguez;Lopez;1999/02/15;F;inhabilitado
38571764;maria.rodriguez@example.com;Maria;Rodriguez;Lopez;1999/02/15;F;inhabilitado
23420790;maria.rodriguez@example.com;Maria;Rodriguez;Lopez;1999/02/15;F;inhabilitado
15317675;maria.rodriguez@example.com;Maria;Rodriguez;Lopez;1999/02/15;F;inhabilitado
12019681;maria.rodriguez@example.com;Maria;Rodriguez;Lopez;1999/02/15;F;inhabilitado
31861175;maria.rodriguez@example.com;Maria;Rodriguez;Lopez;1999/02/15;F;inhabilitado
94308947;maria.rodriguez@example.com;Maria;Rodriguez;Lopez;1999/02/15;F;inhabilitado
58311134;maria.rodriguez@example.com;Maria;Rodriguez;Lopez;1999/02/15;F;inhabilitado
55754054;maria.rodriguez@example.com;Maria;Rodriguez;Lopez;1999/02/15;F;inhabilitado
66056544;maria.rodriguez@example.com;Maria;Rodriguez;Lopez;1999/02/15;F;inhabilitado
84618602;maria.rodriguez@example.com;Maria;Rodriguez;Lopez;1999/02/15;F;inhabilitado
91519602;maria.rodriguez@example.com;Maria;Rodriguez;Lopez;1999/02/15;F;inhabilitado
12686542;maria.rodriguez@example.com;Maria;Rodriguez;Lopez;1999/02/15;F;inhabilitado
70634075;maria.rodriguez@example.com;Maria;Rodriguez;Lopez;1999/02/15;F;inhabilitado
12861809;maria.rodriguez@example.com;Maria;Rodriguez;Lopez;1999/02/15;F;inhabilitado
83400505;maria.rodriguez@example.com;Maria;Rodriguez;Lopez;1999/02/15;F;inhabilitado
50394170;maria.rodriguez@example.com;Maria;Rodriguez;Lopez;1999/02/15;F;inhabilitado
12205185;maria.rodriguez@example.com;Maria;Rodriguez;Lopez;1999/02/15;F;inhabilitado
35745054;maria.rodriguez@example.com;Maria;Rodriguez;Lopez;1999/02/15;F;inhabilitado
61703049;maria.rodriguez@example.com;Maria;Rodriguez;Lopez;1999/02/15;F;inhabilitado
98508463;maria.rodriguez@example.com;Maria;Rodriguez;Lopez;1999/02/15;F;inhabilitado
98607807;maria.rodriguez@example.com;Maria;Rodriguez;Lopez;1999/02/15;F;inhabilitado
92879462;maria.rodriguez@example.com;Maria;Rodriguez;Lopez;1999/02/15;F;inhabilitado
62107439;maria.rodriguez@example.com;Maria;Rodriguez;Lopez;1999/02/15;F;inhabilitado
93797528;maria.rodriguez@example.com;Maria;Rodriguez;Lopez;1999/02/15;F;inhabilitado
77490728;maria.rodriguez@example.com;Maria;Rodriguez;Lopez;1999/02/15;F;inhabilitado
10842359;maria.rodriguez@example.com;Maria;Rodriguez;Lopez;1999/02/15;F;inhabilitado
46211099;maria.rodriguez@example.com;Maria;Rodriguez;Lopez;1999/02/15;F;inhabilitado
83899778;maria.rodriguez@example.com;Maria;Rodriguez;Lopez;1999/02/15;F;inhabilitado
73003882;maria.rodriguez@example.com;Maria;Rodriguez;Lopez;1999/02/15;F;inhabilitado
56553930;maria.rodriguez@example.com;Maria;Rodriguez;Lopez;1999/02/15;F;inhabilitado
29735047;maria.rodriguez@example.com;Maria;Rodriguez;Lopez;1999/02/15;F;inhabilitado
62840420;maria.rodriguez@example.com;Maria;Rodriguez;Lopez;1999/02/15;F;inhabilitado
58155860;maria.rodriguez@example.com;Maria;Rodriguez;Lopez;1999/02/15;F;inhabilitado
40422630;maria.rodriguez@example.com;Maria;Rodriguez;Lopez;1999/02/15;F;inhabilitado
60267896;maria.rodriguez@example.com;Maria;Rodriguez;Lopez;1999/02/15;F;inhabilitado
97701799;maria.rodriguez@example.com;Maria;Rodriguez;Lopez;1999/02/15;F;inhabilitado
30745244;maria.rodriguez@example.com;Maria;Rodriguez;Lopez;1999/02/15;F;inhabilitado
27247664;maria.rodriguez@example.com;Maria;Rodriguez;Lopez;1999/02/15;F;inhabilitado
85516661;maria.rodriguez@example.com;Maria;Rodriguez;Lopez;1999/02/15;F;inhabilitado
10709000;maria.rodriguez@example.com;Maria;Rodriguez;Lopez;1999/02/15;F;inhabilitado
29791072;maria.rodriguez@example.com;Maria;Rodriguez;Lopez;1999/02/15;F;inhabilitado
48628328;maria.rodriguez@example.com;Maria;Rodriguez;Lopez;1999/02/15;F;inhabilitado
44082770;maria.rodriguez@example.com;Maria;Rodriguez;Lopez;1999/02/15;F;inhabilitado
79687559;maria.rodriguez@example.com;Maria;Rodriguez;Lopez;1999/02/15;F;inhabilitado
93542004;maria.rodriguez@example.com;Maria;Rodriguez;Lopez;1999/02/15;F;inhabilitado
38163857;maria.rodriguez@example.com;Maria;Rodriguez;Lopez;1999/02/15;F;inhabilitado
74684326;maria.rodriguez@example.com;Maria;Rodriguez;Lopez;1999/02/15;F;inhabilitado
21304680;maria.rodriguez@example.com;Maria;Rodriguez;Lopez;1999/02/15;F;inhabilitado
40352137;maria.rodriguez@example.com;Maria;Rodriguez;Lopez;1999/02/15;F;inhabilitado
46662547;maria.rodriguez@example.com;Maria;Rodriguez;Lopez;1999/02/15;F;inhabilitado
22900945;maria.rodriguez@example.com;Maria;Rodriguez;Lopez;1999/02/15;F;inhabilitado
24730489;maria.rodriguez@example.com;Maria;Rodriguez;Lopez;1999/02/15;F;inhabilitado
58273196;maria.rodriguez@example.com;Maria;Rodriguez;Lopez;1999/02/15;F;inhabilitado
10624632;maria.rodriguez@example.com;Maria;Rodriguez;Lopez;1999/02/15;F;inhabilitado
16450642;maria.rodriguez@example.com;Maria;Rodriguez;Lopez;1999/02/15;F;inhabilitado
98482482;maria.rodriguez@example.com;Maria;Rodriguez;Lopez;1999/02/15;F;inhabilitado
91828496;maria.rodriguez@example.com;Maria;Rodriguez;Lopez;1999/02/15;F;inhabilitado
77767528;maria.rodriguez@example.com;Maria;Rodriguez;Lopez;1999/02/15;F;inhabilitado
50302743;maria.rodriguez@example.com;Maria;Rodriguez;Lopez;1999/02/15;F;inhabilitado
78251793;maria.rodriguez@example.com;Maria;Rodriguez;Lopez;1999/02/15;F;inhabilitado
97716241;maria.rodriguez@example.com;Maria;Rodriguez;Lopez;1999/02/15;F;inhabilitado
66871441;maria.rodriguez@example.com;Maria;Rodriguez;Lopez;1999/02/15;F;inhabilitado
36146652;maria.rodriguez@example.com;Maria;Rodriguez;Lopez;1999/02/15;F;inhabilitado
24655739;maria.rodriguez@example.com;Maria;Rodriguez;Lopez;1999/02/15;F;inhabilitado
56304969;maria.rodriguez@example.com;Maria;Rodriguez;Lopez;1999/02/15;F;inhabilitado
44354595;maria.rodriguez@example.com;Maria;Rodriguez;Lopez;1999/02/15;F;inhabilitado
37602486;maria.rodriguez@example.com;Maria;Rodriguez;Lopez;1999/02/15;F;inhabilitado
64473723;maria.rodriguez@example.com;Maria;Rodriguez;Lopez;1999/02/15;F;inhabilitado
51003763;maria.rodriguez@example.com;Maria;Rodriguez;Lopez;1999/02/15;F;inhabilitado
38917397;maria.rodriguez@example.com;Maria;Rodriguez;Lopez;1999/02/15;F;inhabilitado
55007560;maria.rodriguez@example.com;Maria;Rodriguez;Lopez;1999/02/15;F;inhabilitado
44125862;maria.rodriguez@example.com;Maria;Rodriguez;Lopez;1999/02/15;F;inhabilitado
93812970;maria.rodriguez@example.com;Maria;Rodriguez;Lopez;1999/02/15;F;inhabilitado
88468960;maria.rodriguez@example.com;Maria;Rodriguez;Lopez;1999/02/15;F;inhabilitado
29041208;maria.rodriguez@example.com;Maria;Rodriguez;Lopez;1999/02/15;F;inhabilitado
25195092;maria.rodriguez@example.com;Maria;Rodriguez;Lopez;1999/02/15;F;inhabilitado
61469894;maria.rodriguez@example.com;Maria;Rodriguez;Lopez;1999/02/15;F;inhabilitado
40396711;maria.rodriguez@example.com;Maria;Rodriguez;Lopez;1999/02/15;F;inhabilitado
97233617;maria.rodriguez@example.com;Maria;Rodriguez;Lopez;1999/02/15;F;inhabilitado
88235906;maria.rodriguez@example.com;Maria;Rodriguez;Lopez;1999/02/15;F;inhabilitado
76300741;maria.rodriguez@example.com;Maria;Rodriguez;Lopez;1999/02/15;F;inhabilitado
33409865;maria.rodriguez@example.com;Maria;Rodriguez;Lopez;1999/02/15;F;inhabilitado
54823011;maria.rodriguez@example.com;Maria;Rodriguez;Lopez;1999/02/15;F;inhabilitado
27892411;maria.rodriguez@example.com;Maria;Rodriguez;Lopez;1999/02/15;F;inhabilitado
49224856;maria.rodriguez@example.com;Maria;Rodriguez;Lopez;1999/02/15;F;inhabilitado
43018727;maria.rodriguez@example.com;Maria;Rodriguez;Lopez;1999/02/15;F;inhabilitado
92178326;maria.rodriguez@example.com;Maria;Rodriguez;Lopez;1999/02/15;F;inhabilitado
69008252;maria.rodriguez@example.com;Maria;Rodriguez;Lopez;1999/02/15;F;inhabilitado
37631514;maria.rodriguez@example.com;Maria;Rodriguez;Lopez;1999/02/15;F;inhabilitado
15226103;maria.rodriguez@example.com;Maria;Rodriguez;Lopez;1999/02/15;F;inhabilitado
96138957;maria.rodriguez@example.com;Maria;Rodriguez;Lopez;1999/02/15;F;inhabilitado
41553734;maria.rodriguez@example.com;Maria;Rodriguez;Lopez;1999/02/15;F;inhabilitado
19513061;maria.rodriguez@example.com;Maria;Rodriguez;Lopez;1999/02/15;F;inhabilitado
52928758;maria.rodriguez@example.com;Maria;Rodriguez;Lopez;1999/02/15;F;inhabilitado
65043619;maria.rodriguez@example.com;Maria;Rodriguez;Lopez;1999/02/15;F;inhabilitado
10956162;maria.rodriguez@example.com;Maria;Rodriguez;Lopez;1999/02/15;F;inhabilitado
26749603;maria.rodriguez@example.com;Maria;Rodriguez;Lopez;1999/02/15;F;inhabilitado
14027467;maria.rodriguez@example.com;Maria;Rodriguez;Lopez;1999/02/15;F;inhabilitado
36322538;maria.rodriguez@example.com;Maria;Rodriguez;Lopez;1999/02/15;F;inhabilitado
59056603;maria.rodriguez@example.com;Maria;Rodriguez;Lopez;1999/02/15;F;inhabilitado
13747653;maria.rodriguez@example.com;Maria;Rodriguez;Lopez;1999/02/15;F;inhabilitado
26627935;maria.rodriguez@example.com;Maria;Rodriguez;Lopez;1999/02/15;F;inhabilitado
37972929;maria.rodriguez@example.com;Maria;Rodriguez;Lopez;1999/02/15;F;inhabilitado
54211650;maria.rodriguez@example.com;Maria;Rodriguez;Lopez;1999/02/15;F;inhabilitado
31730390;maria.rodriguez@example.com;Maria;Rodriguez;Lopez;1999/02/15;F;inhabilitado
62038508;maria.rodriguez@example.com;Maria;Rodriguez;Lopez;1999/02/15;F;inhabilitado
27385198;maria.rodriguez@example.com;Maria;Rodriguez;Lopez;1999/02/15;F;inhabilitado
13371430;maria.rodriguez@example.com;Maria;Rodriguez;Lopez;1999/02/15;F;inhabilitado
44059954;maria.rodriguez@example.com;Maria;Rodriguez;Lopez;1999/02/15;F;inhabilitado
20558581;maria.rodriguez@example.com;Maria;Rodriguez;Lopez;1999/02/15;F;inhabilitado
32377469;maria.rodriguez@example.com;Maria;Rodriguez;Lopez;1999/02/15;F;inhabilitado
12906238;maria.rodriguez@example.com;Maria;Rodriguez;Lopez;1999/02/15;F;inhabilitado
82560725;maria.rodriguez@example.com;Maria;Rodriguez;Lopez;1999/02/15;F;inhabilitado
97187280;maria.rodriguez@example.com;Maria;Rodriguez;Lopez;1999/02/15;F;inhabilitado
10440148;maria.rodriguez@example.com;Maria;Rodriguez;Lopez;1999/02/15;F;inhabilitado
78094368;maria.rodriguez@example.com;Maria;Rodriguez;Lopez;1999/02/15;F;inhabilitado
53651076;maria.rodriguez@example.com;Maria;Rodriguez;Lopez;1999/02/15;F;inhabilitado
75833829;maria.rodriguez@example.com;Maria;Rodriguez;Lopez;1999/02/15;F;inhabilitado
90381460;maria.rodriguez@example.com;Maria;Rodriguez;Lopez;1999/02/15;F;inhabilitado
17554047;maria.rodriguez@example.com;Maria;Rodriguez;Lopez;1999/02/15;F;inhabilitado
48301014;maria.rodriguez@example.com;Maria;Rodriguez;Lopez;1999/02/15;F;inhabilitado
22077204;maria.rodriguez@example.com;Maria;Rodriguez;Lopez;1999/02/15;F;inhabilitado
10610621;maria.rodriguez@example.com;Maria;Rodriguez;Lopez;1999/02/15;F;inhabilitado
90785680;maria.rodriguez@example.com;Maria;Rodriguez;Lopez;1999/02/15;F;inhabilitado
64886352;maria.rodriguez@example.com;Maria;Rodriguez;Lopez;1999/02/15;F;inhabilitado
25096091;maria.rodriguez@example.com;Maria;Rodriguez;Lopez;1999/02/15;F;inhabilitado
26225156;maria.rodriguez@example.com;Maria;Rodriguez;Lopez;1999/02/15;F;inhabilitado
83187302;maria.rodriguez@example.com;Maria;Rodriguez;Lopez;1999/02/15;F;inhabilitado
79238917;maria.rodriguez@example.com;Maria;Rodriguez;Lopez;1999/02/15;F;inhabilitado
62719244;maria.rodriguez@example.com;Maria;Rodriguez;Lopez;1999/02/15;F;inhabilitado
57537051;maria.rodriguez@example.com;Maria;Rodriguez;Lopez;1999/02/15;F;inhabilitado
14478528;maria.rodriguez@example.com;Maria;Rodriguez;Lopez;1999/02/15;F;inhabilitado
88866004;maria.rodriguez@example.com;Maria;Rodriguez;Lopez;1999/02/15;F;inhabilitado
81167599;maria.rodriguez@example.com;Maria;Rodriguez;Lopez;1999/02/15;F;inhabilitado
51223749;maria.rodriguez@example.com;Maria;Rodriguez;Lopez;1999/02/15;F;inhabilitado
41137444;maria.rodriguez@example.com;Maria;Rodriguez;Lopez;1999/02/15;F;inhabilitado
39198159;maria.rodriguez@example.com;Maria;Rodriguez;Lopez;1999/02/15;F;inhabilitado
83081602;maria.rodriguez@example.com;Maria;Rodriguez;Lopez;1999/02/15;F;inhabilitado
56113558;maria.rodriguez@example.com;Maria;Rodriguez;Lopez;1999/02/15;F;inhabilitado
91974394;maria.rodriguez@example.com;Maria;Rodriguez;Lopez;1999/02/15;F;inhabilitado
59924465;maria.rodriguez@example.com;Maria;Rodriguez;Lopez;1999/02/15;F;inhabilitado
77551377;maria.rodriguez@example.com;Maria;Rodriguez;Lopez;1999/02/15;F;inhabilitado
19707672;maria.rodriguez@example.com;Maria;Rodriguez;Lopez;1999/02/15;F;inhabilitado
23607585;maria.rodriguez@example.com;Maria;Rodriguez;Lopez;1999/02/15;F;inhabilitado
77402260;maria.rodriguez@example.com;Maria;Rodriguez;Lopez;1999/02/15;F;inhabilitado
39704520;maria.rodriguez@example.com;Maria;Rodriguez;Lopez;1999/02/15;F;inhabilitado
58782346;maria.rodriguez@example.com;Maria;Rodriguez;Lopez;1999/02/15;F;inhabilitado
54726222;maria.rodriguez@example.com;Maria;Rodriguez;Lopez;1999/02/15;F;inhabilitado
93702758;maria.rodriguez@example.com;Maria;Rodriguez;Lopez;1999/02/15;F;inhabilitado
24398846;maria.rodriguez@example.com;Maria;Rodriguez;Lopez;1999/02/15;F;inhabilitado
10889976;maria.rodriguez@example.com;Maria;Rodriguez;Lopez;1999/02/15;F;inhabilitado
43930849;maria.rodriguez@example.com;Maria;Rodriguez;Lopez;1999/02/15;F;inhabilitado
94303264;maria.rodriguez@example.com;Maria;Rodriguez;Lopez;1999/02/15;F;inhabilitado
90822741;maria.rodriguez@example.com;Maria;Rodriguez;Lopez;1999/02/15;F;inhabilitado
55686767;maria.rodriguez@example.com;Maria;Rodriguez;Lopez;1999/02/15;F;inhabilitado
16847552;maria.rodriguez@example.com;Maria;Rodriguez;Lopez;1999/02/15;F;inhabilitado
30453104;maria.rodriguez@example.com;Maria;Rodriguez;Lopez;1999/02/15;F;inhabilitado
65913339;maria.rodriguez@example.com;Maria;Rodriguez;Lopez;1999/02/15;F;inhabilitado
98902044;maria.rodriguez@example.com;Maria;Rodriguez;Lopez;1999/02/15;F;inhabilitado
23258667;maria.rodriguez@example.com;Maria;Rodriguez;Lopez;1999/02/15;F;inhabilitado
54103683;maria.rodriguez@example.com;Maria;Rodriguez;Lopez;1999/02/15;F;inhabilitado
97342037;maria.rodriguez@example.com;Maria;Rodriguez;Lopez;1999/02/15;F;inhabilitado
10170304;maria.rodriguez@example.com;Maria;Rodriguez;Lopez;1999/02/15;F;inhabilitado
19760499;maria.rodriguez@example.com;Maria;Rodriguez;Lopez;1999/02/15;F;inhabilitado
95270926;maria.rodriguez@example.com;Maria;Rodriguez;Lopez;1999/02/15;F;inhabilitado
23537079;maria.rodriguez@example.com;Maria;Rodriguez;Lopez;1999/02/15;F;inhabilitado
97969030;maria.rodriguez@example.com;Maria;Rodriguez;Lopez;1999/02/15;F;inhabilitado
59831053;maria.rodriguez@example.com;Maria;Rodriguez;Lopez;1999/02/15;F;inhabilitado
90464449;maria.rodriguez@example.com;Maria;Rodriguez;Lopez;1999/02/15;F;inhabilitado
72378641;maria.rodriguez@example.com;Maria;Rodriguez;Lopez;1999/02/15;F;inhabilitado
17228479;maria.rodriguez@example.com;Maria;Rodriguez;Lopez;1999/02/15;F;inhabilitado
56506164;maria.rodriguez@example.com;Maria;Rodriguez;Lopez;1999/02/15;F;inhabilitado
97274457;maria.rodriguez@example.com;Maria;Rodriguez;Lopez;1999/02/15;F;inhabilitado
13831780;maria.rodriguez@example.com;Maria;Rodriguez;Lopez;1999/02/15;F;inhabilitado
85002355;maria.rodriguez@example.com;Maria;Rodriguez;Lopez;1999/02/15;F;inhabilitado
11487049;maria.rodriguez@example.com;Maria;Rodriguez;Lopez;1999/02/15;F;inhabilitado
43310176;maria.rodriguez@example.com;Maria;Rodriguez;Lopez;1999/02/15;F;inhabilitado
57242785;maria.rodriguez@example.com;Maria;Rodriguez;Lopez;1999/02/15;F;inhabilitado
17410004;maria.rodriguez@example.com;Maria;Rodriguez;Lopez;1999/02/15;F;inhabilitado
89489001;maria.rodriguez@example.com;Maria;Rodriguez;Lopez;1999/02/15;F;inhabilitado
67579800;maria.rodriguez@example.com;Maria;Rodriguez;Lopez;1999/02/15;F;inhabilitado
59784879;maria.rodriguez@example.com;Maria;Rodriguez;Lopez;1999/02/15;F;inhabilitado
72753032;maria.rodriguez@example.com;Maria;Rodriguez;Lopez;1999/02/15;F;inhabilitado
45156566;maria.rodriguez@example.com;Maria;Rodriguez;Lopez;1999/02/15;F;inhabilitado
26362785;maria.rodriguez@example.com;Maria;Rodriguez;Lopez;1999/02/15;F;inhabilitado
55387773;maria.rodriguez@example.com;Maria;Rodriguez;Lopez;1999/02/15;F;inhabilitado
22938363;maria.rodriguez@example.com;Maria;Rodriguez;Lopez;1999/02/15;F;inhabilitado
10840330;maria.rodriguez@example.com;Maria;Rodriguez;Lopez;1999/02/15;F;inhabilitado
39496316;maria.rodriguez@example.com;Maria;Rodriguez;Lopez;1999/02/15;F;inhabilitado
83751593;maria.rodriguez@example.com;Maria;Rodriguez;Lopez;1999/02/15;F;inhabilitado
14845403;maria.rodriguez@example.com;Maria;Rodriguez;Lopez;1999/02/15;F;inhabilitado
49259839;maria.rodriguez@example.com;Maria;Rodriguez;Lopez;1999/02/15;F;inhabilitado
52463729;maria.rodriguez@example.com;Maria;Rodriguez;Lopez;1999/02/15;F;inhabilitado
97050756;maria.rodriguez@example.com;Maria;Rodriguez;Lopez;1999/02/15;F;inhabilitado
86982478;maria.rodriguez@example.com;Maria;Rodriguez;Lopez;1999/02/15;F;inhabilitado
72993276;maria.rodriguez@example.com;Maria;Rodriguez;Lopez;1999/02/15;F;inhabilitado
24169209;maria.rodriguez@example.com;Maria;Rodriguez;Lopez;1999/02/15;F;inhabilitado
32838455;maria.rodriguez@example.com;Maria;Rodriguez;Lopez;1999/02/15;F;inhabilitado
66070882;maria.rodriguez@example.com;Maria;Rodriguez;Lopez;1999/02/15;F;inhabilitado
46669878;maria.rodriguez@example.com;Maria;Rodriguez;Lopez;1999/02/15;F;inhabilitado
73015290;maria.rodriguez@example.com;Maria;Rodriguez;Lopez;1999/02/15;F;inhabilitado
21749036;maria.rodriguez@example.com;Maria;Rodriguez;Lopez;1999/02/15;F;inhabilitado
91717750;maria.rodriguez@example.com;Maria;Rodriguez;Lopez;1999/02/15;F;inhabilitado
98969950;maria.rodriguez@example.com;Maria;Rodriguez;Lopez;1999/02/15;F;inhabilitado
56910800;maria.rodriguez@example.com;Maria;Rodriguez;Lopez;1999/02/15;F;inhabilitado
11146895;maria.rodriguez@example.com;Maria;Rodriguez;Lopez;1999/02/15;F;inhabilitado
39792499;maria.rodriguez@example.com;Maria;Rodriguez;Lopez;1999/02/15;F;inhabilitado
67500928;maria.rodriguez@example.com;Maria;Rodriguez;Lopez;1999/02/15;F;inhabilitado
13502432;maria.rodriguez@example.com;Maria;Rodriguez;Lopez;1999/02/15;F;inhabilitado
43620947;maria.rodriguez@example.com;Maria;Rodriguez;Lopez;1999/02/15;F;inhabilitado
85232034;maria.rodriguez@example.com;Maria;Rodriguez;Lopez;1999/02/15;F;inhabilitado
90181896;maria.rodriguez@example.com;Maria;Rodriguez;Lopez;1999/02/15;F;inhabilitado
67051323;maria.rodriguez@example.com;Maria;Rodriguez;Lopez;1999/02/15;F;inhabilitado
52909827;maria.rodriguez@example.com;Maria;Rodriguez;Lopez;1999/02/15;F;inhabilitado
57011479;maria.rodriguez@example.com;Maria;Rodriguez;Lopez;1999/02/15;F;inhabilitado
25303199;maria.rodriguez@example.com;Maria;Rodriguez;Lopez;1999/02/15;F;inhabilitado
60615776;maria.rodriguez@example.com;Maria;Rodriguez;Lopez;1999/02/15;F;inhabilitado
97763621;maria.rodriguez@example.com;Maria;Rodriguez;Lopez;1999/02/15;F;inhabilitado
22665430;maria.rodriguez@example.com;Maria;Rodriguez;Lopez;1999/02/15;F;inhabilitado
90773124;maria.rodriguez@example.com;Maria;Rodriguez;Lopez;1999/02/15;F;inhabilitado
69824999;maria.rodriguez@example.com;Maria;Rodriguez;Lopez;1999/02/15;F;inhabilitado
87539763;maria.rodriguez@example.com;Maria;Rodriguez;Lopez;1999/02/15;F;inhabilitado
51172233;maria.rodriguez@example.com;Maria;Rodriguez;Lopez;1999/02/15;F;inhabilitado
43190916;maria.rodriguez@example.com;Maria;Rodriguez;Lopez;1999/02/15;F;inhabilitado
81108326;maria.rodriguez@example.com;Maria;Rodriguez;Lopez;1999/02/15;F;inhabilitado
88008470;maria.rodriguez@example.com;Maria;Rodriguez;Lopez;1999/02/15;F;inhabilitado
83243383;maria.rodriguez@example.com;Maria;Rodriguez;Lopez;1999/02/15;F;inhabilitado
22055079;maria.rodriguez@example.com;Maria;Rodriguez;Lopez;1999/02/15;F;inhabilitado
85344052;maria.rodriguez@example.com;Maria;Rodriguez;Lopez;1999/02/15;F;inhabilitado
28078866;maria.rodriguez@example.com;Maria;Rodriguez;Lopez;1999/02/15;F;inhabilitado
56576004;maria.rodriguez@example.com;Maria;Rodriguez;Lopez;1999/02/15;F;inhabilitado
64286419;maria.rodriguez@example.com;Maria;Rodriguez;Lopez;1999/02/15;F;inhabilitado
88151413;maria.rodriguez@example.com;Maria;Rodriguez;Lopez;1999/02/15;F;inhabilitado
56049437;maria.rodriguez@example.com;Maria;Rodriguez;Lopez;1999/02/15;F;inhabilitado
66814003;maria.rodriguez@example.com;Maria;Rodriguez;Lopez;1999/02/15;F;inhabilitado
17362752;maria.rodriguez@example.com;Maria;Rodriguez;Lopez;1999/02/15;F;inhabilitado
47030713;maria.rodriguez@example.com;Maria;Rodriguez;Lopez;1999/02/15;F;inhabilitado
98390428;maria.rodriguez@example.com;Maria;Rodriguez;Lopez;1999/02/15;F;inhabilitado
82267904;maria.rodriguez@example.com;Maria;Rodriguez;Lopez;1999/02/15;F;inhabilitado
99001013;maria.rodriguez@example.com;Maria;Rodriguez;Lopez;1999/02/15;F;inhabilitado
92789279;maria.rodriguez@example.com;Maria;Rodriguez;Lopez;1999/02/15;F;inhabilitado
15938135;maria.rodriguez@example.com;Maria;Rodriguez;Lopez;1999/02/15;F;inhabilitado
12022824;maria.rodriguez@example.com;Maria;Rodriguez;Lopez;1999/02/15;F;inhabilitado
78714606;maria.rodriguez@example.com;Maria;Rodriguez;Lopez;1999/02/15;F;inhabilitado
89028306;maria.rodriguez@example.com;Maria;Rodriguez;Lopez;1999/02/15;F;inhabilitado
32155772;maria.rodriguez@example.com;Maria;Rodriguez;Lopez;1999/02/15;F;inhabilitado
63655477;maria.rodriguez@example.com;Maria;Rodriguez;Lopez;1999/02/15;F;inhabilitado
72389738;maria.rodriguez@example.com;Maria;Rodriguez;Lopez;1999/02/15;F;inhabilitado
46434129;maria.rodriguez@example.com;Maria;Rodriguez;Lopez;1999/02/15;F;inhabilitado
79885085;maria.rodriguez@example.com;Maria;Rodriguez;Lopez;1999/02/15;F;inhabilitado
43777868;maria.rodriguez@example.com;Maria;Rodriguez;Lopez;1999/02/15;F;inhabilitado
48535834;maria.rodriguez@example.com;Maria;Rodriguez;Lopez;1999/02/15;F;inhabilitado
11538043;maria.rodriguez@example.com;Maria;Rodriguez;Lopez;1999/02/15;F;inhabilitado
58147859;maria.rodriguez@example.com;Maria;Rodriguez;Lopez;1999/02/15;F;inhabilitado
11985524;maria.rodriguez@example.com;Maria;Rodriguez;Lopez;1999/02/15;F;inhabilitado
24952018;maria.rodriguez@example.com;Maria;Rodriguez;Lopez;1999/02/15;F;inhabilitado
43228383;maria.rodriguez@example.com;Maria;Rodriguez;Lopez;1999/02/15;F;inhabilitado
44321010;maria.rodriguez@example.com;Maria;Rodriguez;Lopez;1999/02/15;F;inhabilitado
13979758;maria.rodriguez@example.com;Maria;Rodriguez;Lopez;1999/02/15;F;inhabilitado
48058787;maria.rodriguez@example.com;Maria;Rodriguez;Lopez;1999/02/15;F;inhabilitado
68093266;maria.rodriguez@example.com;Maria;Rodriguez;Lopez;1999/02/15;F;inhabilitado
91149274;maria.rodriguez@example.com;Maria;Rodriguez;Lopez;1999/02/15;F;inhabilitado
78468687;maria.rodriguez@example.com;Maria;Rodriguez;Lopez;1999/02/15;F;inhabilitado
59733066;maria.rodriguez@example.com;Maria;Rodriguez;Lopez;1999/02/15;F;inhabilitado
25563095;maria.rodriguez@example.com;Maria;Rodriguez;Lopez;1999/02/15;F;inhabilitado
59280854;maria.rodriguez@example.com;Maria;Rodriguez;Lopez;1999/02/15;F;inhabilitado
43941616;maria.rodriguez@example.com;Maria;Rodriguez;Lopez;1999/02/15;F;inhabilitado
35094479;maria.rodriguez@example.com;Maria;Rodriguez;Lopez;1999/02/15;F;inhabilitado
61536088;maria.rodriguez@example.com;Maria;Rodriguez;Lopez;1999/02/15;F;inhabilitado
64463067;maria.rodriguez@example.com;Maria;Rodriguez;Lopez;1999/02/15;F;inhabilitado
57227070;maria.rodriguez@example.com;Maria;Rodriguez;Lopez;1999/02/15;F;inhabilitado
18133013;maria.rodriguez@example.com;Maria;Rodriguez;Lopez;1999/02/15;F;inhabilitado
14502568;maria.rodriguez@example.com;Maria;Rodriguez;Lopez;1999/02/15;F;inhabilitado
64187228;maria.rodriguez@example.com;Maria;Rodriguez;Lopez;1999/02/15;F;inhabilitado
67905975;maria.rodriguez@example.com;Maria;Rodriguez;Lopez;1999/02/15;F;inhabilitado
33177322;maria.rodriguez@example.com;Maria;Rodriguez;Lopez;1999/02/15;F;inhabilitado
33360741;maria.rodriguez@example.com;Maria;Rodriguez;Lopez;1999/02/15;F;inhabilitado
98131552;maria.rodriguez@example.com;Maria;Rodriguez;Lopez;1999/02/15;F;inhabilitado
91784835;maria.rodriguez@example.com;Maria;Rodriguez;Lopez;1999/02/15;F;inhabilitado
53006393;maria.rodriguez@example.com;Maria;Rodriguez;Lopez;1999/02/15;F;inhabilitado
44548032;maria.rodriguez@example.com;Maria;Rodriguez;Lopez;1999/02/15;F;inhabilitado
93044354;maria.rodriguez@example.com;Maria;Rodriguez;Lopez;1999/02/15;F;inhabilitado
96274857;maria.rodriguez@example.com;Maria;Rodriguez;Lopez;1999/02/15;F;inhabilitado
72238559;maria.rodriguez@example.com;Maria;Rodriguez;Lopez;1999/02/15;F;inhabilitado
96726658;maria.rodriguez@example.com;Maria;Rodriguez;Lopez;1999/02/15;F;inhabilitado
76869051;maria.rodriguez@example.com;Maria;Rodriguez;Lopez;1999/02/15;F;inhabilitado
21073375;maria.rodriguez@example.com;Maria;Rodriguez;Lopez;1999/02/15;F;inhabilitado
72554127;maria.rodriguez@example.com;Maria;Rodriguez;Lopez;1999/02/15;F;inhabilitado
26723812;maria.rodriguez@example.com;Maria;Rodriguez;Lopez;1999/02/15;F;inhabilitado
77485667;maria.rodriguez@example.com;Maria;Rodriguez;Lopez;1999/02/15;F;inhabilitado
64090584;maria.rodriguez@example.com;Maria;Rodriguez;Lopez;1999/02/15;F;inhabilitado
42981312;maria.rodriguez@example.com;Maria;Rodriguez;Lopez;1999/02/15;F;inhabilitado
73038931;maria.rodriguez@example.com;Maria;Rodriguez;Lopez;1999/02/15;F;inhabilitado
32140507;maria.rodriguez@example.com;Maria;Rodriguez;Lopez;1999/02/15;F;inhabilitado
22624721;maria.rodriguez@example.com;Maria;Rodriguez;Lopez;1999/02/15;F;inhabilitado
21119638;maria.rodriguez@example.com;Maria;Rodriguez;Lopez;1999/02/15;F;inhabilitado
94369139;maria.rodriguez@example.com;Maria;Rodriguez;Lopez;1999/02/15;F;inhabilitado
39351186;maria.rodriguez@example.com;Maria;Rodriguez;Lopez;1999/02/15;F;inhabilitado
36853900;maria.rodriguez@example.com;Maria;Rodriguez;Lopez;1999/02/15;F;inhabilitado
66658103;maria.rodriguez@example.com;Maria;Rodriguez;Lopez;1999/02/15;F;inhabilitado
63178203;maria.rodriguez@example.com;Maria;Rodriguez;Lopez;1999/02/15;F;inhabilitado
96826621;maria.rodriguez@example.com;Maria;Rodriguez;Lopez;1999/02/15;F;inhabilitado
64652417;maria.rodriguez@example.com;Maria;Rodriguez;Lopez;1999/02/15;F;inhabilitado
52005130;maria.rodriguez@example.com;Maria;Rodriguez;Lopez;1999/02/15;F;inhabilitado
69790226;maria.rodriguez@example.com;Maria;Rodriguez;Lopez;1999/02/15;F;inhabilitado
81155237;maria.rodriguez@example.com;Maria;Rodriguez;Lopez;1999/02/15;F;inhabilitado
34253497;maria.rodriguez@example.com;Maria;Rodriguez;Lopez;1999/02/15;F;inhabilitado
75470955;maria.rodriguez@example.com;Maria;Rodriguez;Lopez;1999/02/15;F;inhabilitado
90076046;maria.rodriguez@example.com;Maria;Rodriguez;Lopez;1999/02/15;F;inhabilitado
22057338;maria.rodriguez@example.com;Maria;Rodriguez;Lopez;1999/02/15;F;inhabilitado
51298655;maria.rodriguez@example.com;Maria;Rodriguez;Lopez;1999/02/15;F;inhabilitado
16153863;maria.rodriguez@example.com;Maria;Rodriguez;Lopez;1999/02/15;F;inhabilitado
74037306;maria.rodriguez@example.com;Maria;Rodriguez;Lopez;1999/02/15;F;inhabilitado
66120140;maria.rodriguez@example.com;Maria;Rodriguez;Lopez;1999/02/15;F;inhabilitado
72156216;maria.rodriguez@example.com;Maria;Rodriguez;Lopez;1999/02/15;F;inhabilitado
84752190;maria.rodriguez@example.com;Maria;Rodriguez;Lopez;1999/02/15;F;inhabilitado
23006203;maria.rodriguez@example.com;Maria;Rodriguez;Lopez;1999/02/15;F;inhabilitado
32064078;maria.rodriguez@example.com;Maria;Rodriguez;Lopez;1999/02/15;F;inhabilitado
25655587;maria.rodriguez@example.com;Maria;Rodriguez;Lopez;1999/02/15;F;inhabilitado
71861051;maria.rodriguez@example.com;Maria;Rodriguez;Lopez;1999/02/15;F;inhabilitado
32513801;maria.rodriguez@example.com;Maria;Rodriguez;Lopez;1999/02/15;F;inhabilitado
87488138;maria.rodriguez@example.com;Maria;Rodriguez;Lopez;1999/02/15;F;inhabilitado
58596882;maria.rodriguez@example.com;Maria;Rodriguez;Lopez;1999/02/15;F;inhabilitado
13744052;maria.rodriguez@example.com;Maria;Rodriguez;Lopez;1999/02/15;F;inhabilitado
10458076;maria.rodriguez@example.com;Maria;Rodriguez;Lopez;1999/02/15;F;inhabilitado
59971845;maria.rodriguez@example.com;Maria;Rodriguez;Lopez;1999/02/15;F;inhabilitado
98376336;maria.rodriguez@example.com;Maria;Rodriguez;Lopez;1999/02/15;F;inhabilitado
70326107;maria.rodriguez@example.com;Maria;Rodriguez;Lopez;1999/02/15;F;inhabilitado
85541744;maria.rodriguez@example.com;Maria;Rodriguez;Lopez;1999/02/15;F;inhabilitado
85352435;maria.rodriguez@example.com;Maria;Rodriguez;Lopez;1999/02/15;F;inhabilitado
94705435;maria.rodriguez@example.com;Maria;Rodriguez;Lopez;1999/02/15;F;inhabilitado
16641742;maria.rodriguez@example.com;Maria;Rodriguez;Lopez;1999/02/15;F;inhabilitado
74683138;maria.rodriguez@example.com;Maria;Rodriguez;Lopez;1999/02/15;F;inhabilitado
15110192;maria.rodriguez@example.com;Maria;Rodriguez;Lopez;1999/02/15;F;inhabilitado
93373404;maria.rodriguez@example.com;Maria;Rodriguez;Lopez;1999/02/15;F;inhabilitado
68207162;maria.rodriguez@example.com;Maria;Rodriguez;Lopez;1999/02/15;F;inhabilitado
35273456;maria.rodriguez@example.com;Maria;Rodriguez;Lopez;1999/02/15;F;inhabilitado
84164261;maria.rodriguez@example.com;Maria;Rodriguez;Lopez;1999/02/15;F;inhabilitado
24907479;maria.rodriguez@example.com;Maria;Rodriguez;Lopez;1999/02/15;F;inhabilitado
85793503;maria.rodriguez@example.com;Maria;Rodriguez;Lopez;1999/02/15;F;inhabilitado
71109012;maria.rodriguez@example.com;Maria;Rodriguez;Lopez;1999/02/15;F;inhabilitado
32803130;maria.rodriguez@example.com;Maria;Rodriguez;Lopez;1999/02/15;F;inhabilitado
43088945;maria.rodriguez@example.com;Maria;Rodriguez;Lopez;1999/02/15;F;inhabilitado
48030359;maria.rodriguez@example.com;Maria;Rodriguez;Lopez;1999/02/15;F;inhabilitado
26901141;maria.rodriguez@example.com;Maria;Rodriguez;Lopez;1999/02/15;F;inhabilitado
60469401;maria.rodriguez@example.com;Maria;Rodriguez;Lopez;1999/02/15;F;inhabilitado
79413047;maria.rodriguez@example.com;Maria;Rodriguez;Lopez;1999/02/15;F;inhabilitado
62215747;maria.rodriguez@example.com;Maria;Rodriguez;Lopez;1999/02/15;F;inhabilitado
31268159;maria.rodriguez@example.com;Maria;Rodriguez;Lopez;1999/02/15;F;inhabilitado
34373001;maria.rodriguez@example.com;Maria;Rodriguez;Lopez;1999/02/15;F;inhabilitado
60614170;maria.rodriguez@example.com;Maria;Rodriguez;Lopez;1999/02/15;F;inhabilitado
90558091;maria.rodriguez@example.com;Maria;Rodriguez;Lopez;1999/02/15;F;inhabilitado
79889261;maria.rodriguez@example.com;Maria;Rodriguez;Lopez;1999/02/15;F;inhabilitado
74302616;maria.rodriguez@example.com;Maria;Rodriguez;Lopez;1999/02/15;F;inhabilitado
63477550;maria.rodriguez@example.com;Maria;Rodriguez;Lopez;1999/02/15;F;inhabilitado
71438507;maria.rodriguez@example.com;Maria;Rodriguez;Lopez;1999/02/15;F;inhabilitado
89263673;maria.rodriguez@example.com;Maria;Rodriguez;Lopez;1999/02/15;F;inhabilitado
53742000;maria.rodriguez@example.com;Maria;Rodriguez;Lopez;1999/02/15;F;inhabilitado
96303301;maria.rodriguez@example.com;Maria;Rodriguez;Lopez;1999/02/15;F;inhabilitado
65073501;maria.rodriguez@example.com;Maria;Rodriguez;Lopez;1999/02/15;F;inhabilitado
80118719;maria.rodriguez@example.com;Maria;Rodriguez;Lopez;1999/02/15;F;inhabilitado
19283699;maria.rodriguez@example.com;Maria;Rodriguez;Lopez;1999/02/15;F;inhabilitado
18100031;maria.rodriguez@example.com;Maria;Rodriguez;Lopez;1999/02/15;F;inhabilitado
33574206;maria.rodriguez@example.com;Maria;Rodriguez;Lopez;1999/02/15;F;inhabilitado
73235705;maria.rodriguez@example.com;Maria;Rodriguez;Lopez;1999/02/15;F;inhabilitado
14403688;maria.rodriguez@example.com;Maria;Rodriguez;Lopez;1999/02/15;F;inhabilitado
45578773;maria.rodriguez@example.com;Maria;Rodriguez;Lopez;1999/02/15;F;inhabilitado
19039010;maria.rodriguez@example.com;Maria;Rodriguez;Lopez;1999/02/15;F;inhabilitado
34231047;maria.rodriguez@example.com;Maria;Rodriguez;Lopez;1999/02/15;F;inhabilitado
55902292;maria.rodriguez@example.com;Maria;Rodriguez;Lopez;1999/02/15;F;inhabilitado
55926923;maria.rodriguez@example.com;Maria;Rodriguez;Lopez;1999/02/15;F;inhabilitado
71857166;maria.rodriguez@example.com;Maria;Rodriguez;Lopez;1999/02/15;F;inhabilitado
37607859;maria.rodriguez@example.com;Maria;Rodriguez;Lopez;1999/02/15;F;inhabilitado
10599857;maria.rodriguez@example.com;Maria;Rodriguez;Lopez;1999/02/15;F;inhabilitado
58252606;maria.rodriguez@example.com;Maria;Rodriguez;Lopez;1999/02/15;F;inhabilitado
68447751;maria.rodriguez@example.com;Maria;Rodriguez;Lopez;1999/02/15;F;inhabilitado
27614057;maria.rodriguez@example.com;Maria;Rodriguez;Lopez;1999/02/15;F;inhabilitado
24892668;maria.rodriguez@example.com;Maria;Rodriguez;Lopez;1999/02/15;F;inhabilitado
90663028;maria.rodriguez@example.com;Maria;Rodriguez;Lopez;1999/02/15;F;inhabilitado
28518210;maria.rodriguez@example.com;Maria;Rodriguez;Lopez;1999/02/15;F;inhabilitado
91602056;maria.rodriguez@example.com;Maria;Rodriguez;Lopez;1999/02/15;F;inhabilitado
14511940;maria.rodriguez@example.com;Maria;Rodriguez;Lopez;1999/02/15;F;inhabilitado
37967213;maria.rodriguez@example.com;Maria;Rodriguez;Lopez;1999/02/15;F;inhabilitado
88840947;maria.rodriguez@example.com;Maria;Rodriguez;Lopez;1999/02/15;F;inhabilitado
39430082;maria.rodriguez@example.com;Maria;Rodriguez;Lopez;1999/02/15;F;inhabilitado
38165019;maria.rodriguez@example.com;Maria;Rodriguez;Lopez;1999/02/15;F;inhabilitado
91643688;maria.rodriguez@example.com;Maria;Rodriguez;Lopez;1999/02/15;F;inhabilitado
96961179;maria.rodriguez@example.com;Maria;Rodriguez;Lopez;1999/02/15;F;inhabilitado
70453640;maria.rodriguez@example.com;Maria;Rodriguez;Lopez;1999/02/15;F;inhabilitado
24443270;maria.rodriguez@example.com;Maria;Rodriguez;Lopez;1999/02/15;F;inhabilitado
27825838;maria.rodriguez@example.com;Maria;Rodriguez;Lopez;1999/02/15;F;inhabilitado
95510911;maria.rodriguez@example.com;Maria;Rodriguez;Lopez;1999/02/15;F;inhabilitado
43160255;maria.rodriguez@example.com;Maria;Rodriguez;Lopez;1999/02/15;F;inhabilitado
20954869;maria.rodriguez@example.com;Maria;Rodriguez;Lopez;1999/02/15;F;inhabilitado
53090007;maria.rodriguez@example.com;Maria;Rodriguez;Lopez;1999/02/15;F;inhabilitado
37338777;maria.rodriguez@example.com;Maria;Rodriguez;Lopez;1999/02/15;F;inhabilitado
95371932;maria.rodriguez@example.com;Maria;Rodriguez;Lopez;1999/02/15;F;inhabilitado
74507080;maria.rodriguez@example.com;Maria;Rodriguez;Lopez;1999/02/15;F;inhabilitado
38069692;maria.rodriguez@example.com;Maria;Rodriguez;Lopez;1999/02/15;F;inhabilitado
36891974;maria.rodriguez@example.com;Maria;Rodriguez;Lopez;1999/02/15;F;inhabilitado
64575198;maria.rodriguez@example.com;Maria;Rodriguez;Lopez;1999/02/15;F;inhabilitado
13781158;maria.rodriguez@example.com;Maria;Rodriguez;Lopez;1999/02/15;F;inhabilitado
94308307;maria.rodriguez@example.com;Maria;Rodriguez;Lopez;1999/02/15;F;inhabilitado
44850636;maria.rodriguez@example.com;Maria;Rodriguez;Lopez;1999/02/15;F;inhabilitado
89580156;maria.rodriguez@example.com;Maria;Rodriguez;Lopez;1999/02/15;F;inhabilitado
85105480;maria.rodriguez@example.com;Maria;Rodriguez;Lopez;1999/02/15;F;inhabilitado
94912817;maria.rodriguez@example.com;Maria;Rodriguez;Lopez;1999/02/15;F;inhabilitado
99004169;maria.rodriguez@example.com;Maria;Rodriguez;Lopez;1999/02/15;F;inhabilitado
16906123;maria.rodriguez@example.com;Maria;Rodriguez;Lopez;1999/02/15;F;inhabilitado
28579291;maria.rodriguez@example.com;Maria;Rodriguez;Lopez;1999/02/15;F;inhabilitado
60194179;maria.rodriguez@example.com;Maria;Rodriguez;Lopez;1999/02/15;F;inhabilitado
50832788;maria.rodriguez@example.com;Maria;Rodriguez;Lopez;1999/02/15;F;inhabilitado
74331424;maria.rodriguez@example.com;Maria;Rodriguez;Lopez;1999/02/15;F;inhabilitado
70590805;maria.rodriguez@example.com;Maria;Rodriguez;Lopez;1999/02/15;F;inhabilitado
37785828;maria.rodriguez@example.com;Maria;Rodriguez;Lopez;1999/02/15;F;inhabilitado
44072819;maria.rodriguez@example.com;Maria;Rodriguez;Lopez;1999/02/15;F;inhabilitado
20566364;maria.rodriguez@example.com;Maria;Rodriguez;Lopez;1999/02/15;F;inhabilitado
79859429;maria.rodriguez@example.com;Maria;Rodriguez;Lopez;1999/02/15;F;inhabilitado
50395278;maria.rodriguez@example.com;Maria;Rodriguez;Lopez;1999/02/15;F;inhabilitado
84275556;maria.rodriguez@example.com;Maria;Rodriguez;Lopez;1999/02/15;F;inhabilitado
83028178;maria.rodriguez@example.com;Maria;Rodriguez;Lopez;1999/02/15;F;inhabilitado
72975467;maria.rodriguez@example.com;Maria;Rodriguez;Lopez;1999/02/15;F;inhabilitado
79622735;maria.rodriguez@example.com;Maria;Rodriguez;Lopez;1999/02/15;F;inhabilitado
70568336;maria.rodriguez@example.com;Maria;Rodriguez;Lopez;1999/02/15;F;inhabilitado
10597152;maria.rodriguez@example.com;Maria;Rodriguez;Lopez;1999/02/15;F;inhabilitado
86506954;maria.rodriguez@example.com;Maria;Rodriguez;Lopez;1999/02/15;F;inhabilitado
21366534;maria.rodriguez@example.com;Maria;Rodriguez;Lopez;1999/02/15;F;inhabilitado
80217253;maria.rodriguez@example.com;Maria;Rodriguez;Lopez;1999/02/15;F;inhabilitado
49783521;maria.rodriguez@example.com;Maria;Rodriguez;Lopez;1999/02/15;F;inhabilitado
14591397;maria.rodriguez@example.com;Maria;Rodriguez;Lopez;1999/02/15;F;inhabilitado
43935981;maria.rodriguez@example.com;Maria;Rodriguez;Lopez;1999/02/15;F;inhabilitado
21594753;maria.rodriguez@example.com;Maria;Rodriguez;Lopez;1999/02/15;F;inhabilitado
17203610;maria.rodriguez@example.com;Maria;Rodriguez;Lopez;1999/02/15;F;inhabilitado
37390010;maria.rodriguez@example.com;Maria;Rodriguez;Lopez;1999/02/15;F;inhabilitado
74329101;maria.rodriguez@example.com;Maria;Rodriguez;Lopez;1999/02/15;F;inhabilitado
85774021;maria.rodriguez@example.com;Maria;Rodriguez;Lopez;1999/02/15;F;inhabilitado
63858815;maria.rodriguez@example.com;Maria;Rodriguez;Lopez;1999/02/15;F;inhabilitado
17652029;maria.rodriguez@example.com;Maria;Rodriguez;Lopez;1999/02/15;F;inhabilitado
62956500;maria.rodriguez@example.com;Maria;Rodriguez;Lopez;1999/02/15;F;inhabilitado
19372492;maria.rodriguez@example.com;Maria;Rodriguez;Lopez;1999/02/15;F;inhabilitado
44025250;maria.rodriguez@example.com;Maria;Rodriguez;Lopez;1999/02/15;F;inhabilitado
90195849;maria.rodriguez@example.com;Maria;Rodriguez;Lopez;1999/02/15;F;inhabilitado
44507392;maria.rodriguez@example.com;Maria;Rodriguez;Lopez;1999/02/15;F;inhabilitado
70996282;maria.rodriguez@example.com;Maria;Rodriguez;Lopez;1999/02/15;F;inhabilitado
99435252;maria.rodriguez@example.com;Maria;Rodriguez;Lopez;1999/02/15;F;inhabilitado
45090676;maria.rodriguez@example.com;Maria;Rodriguez;Lopez;1999/02/15;F;inhabilitado
58899893;maria.rodriguez@example.com;Maria;Rodriguez;Lopez;1999/02/15;F;inhabilitado
77145696;maria.rodriguez@example.com;Maria;Rodriguez;Lopez;1999/02/15;F;inhabilitado
34987116;maria.rodriguez@example.com;Maria;Rodriguez;Lopez;1999/02/15;F;inhabilitado
97384844;maria.rodriguez@example.com;Maria;Rodriguez;Lopez;1999/02/15;F;inhabilitado
42322328;maria.rodriguez@example.com;Maria;Rodriguez;Lopez;1999/02/15;F;inhabilitado
86719050;maria.rodriguez@example.com;Maria;Rodriguez;Lopez;1999/02/15;F;inhabilitado
38978167;maria.rodriguez@example.com;Maria;Rodriguez;Lopez;1999/02/15;F;inhabilitado
83046469;maria.rodriguez@example.com;Maria;Rodriguez;Lopez;1999/02/15;F;inhabilitado
53804103;maria.rodriguez@example.com;Maria;Rodriguez;Lopez;1999/02/15;F;inhabilitado
37316668;maria.rodriguez@example.com;Maria;Rodriguez;Lopez;1999/02/15;F;inhabilitado
19300529;maria.rodriguez@example.com;Maria;Rodriguez;Lopez;1999/02/15;F;inhabilitado
73187056;maria.rodriguez@example.com;Maria;Rodriguez;Lopez;1999/02/15;F;inhabilitado
10916432;maria.rodriguez@example.com;Maria;Rodriguez;Lopez;1999/02/15;F;inhabilitado
56555655;maria.rodriguez@example.com;Maria;Rodriguez;Lopez;1999/02/15;F;inhabilitado
14589690;maria.rodriguez@example.com;Maria;Rodriguez;Lopez;1999/02/15;F;inhabilitado
31415721;maria.rodriguez@example.com;Maria;Rodriguez;Lopez;1999/02/15;F;inhabilitado
71286642;maria.rodriguez@example.com;Maria;Rodriguez;Lopez;1999/02/15;F;inhabilitado
92026549;maria.rodriguez@example.com;Maria;Rodriguez;Lopez;1999/02/15;F;inhabilitado
92417693;maria.rodriguez@example.com;Maria;Rodriguez;Lopez;1999/02/15;F;inhabilitado
49839898;maria.rodriguez@example.com;Maria;Rodriguez;Lopez;1999/02/15;F;inhabilitado
72503947;maria.rodriguez@example.com;Maria;Rodriguez;Lopez;1999/02/15;F;inhabilitado
25308422;maria.rodriguez@example.com;Maria;Rodriguez;Lopez;1999/02/15;F;inhabilitado
79491944;maria.rodriguez@example.com;Maria;Rodriguez;Lopez;1999/02/15;F;inhabilitado
35039684;maria.rodriguez@example.com;Maria;Rodriguez;Lopez;1999/02/15;F;inhabilitado
52376643;maria.rodriguez@example.com;Maria;Rodriguez;Lopez;1999/02/15;F;inhabilitado
15680742;maria.rodriguez@example.com;Maria;Rodriguez;Lopez;1999/02/15;F;inhabilitado
44308578;maria.rodriguez@example.com;Maria;Rodriguez;Lopez;1999/02/15;F;inhabilitado
48642494;maria.rodriguez@example.com;Maria;Rodriguez;Lopez;1999/02/15;F;inhabilitado
50405975;maria.rodriguez@example.com;Maria;Rodriguez;Lopez;1999/02/15;F;inhabilitado
57980682;maria.rodriguez@example.com;Maria;Rodriguez;Lopez;1999/02/15;F;inhabilitado
25025542;maria.rodriguez@example.com;Maria;Rodriguez;Lopez;1999/02/15;F;inhabilitado
14349452;maria.rodriguez@example.com;Maria;Rodriguez;Lopez;1999/02/15;F;inhabilitado
13907339;maria.rodriguez@example.com;Maria;Rodriguez;Lopez;1999/02/15;F;inhabilitado
87138490;maria.rodriguez@example.com;Maria;Rodriguez;Lopez;1999/02/15;F;inhabilitado
80783339;maria.rodriguez@example.com;Maria;Rodriguez;Lopez;1999/02/15;F;inhabilitado
82848184;maria.rodriguez@example.com;Maria;Rodriguez;Lopez;1999/02/15;F;inhabilitado
65843849;maria.rodriguez@example.com;Maria;Rodriguez;Lopez;1999/02/15;F;inhabilitado
42033469;maria.rodriguez@example.com;Maria;Rodriguez;Lopez;1999/02/15;F;inhabilitado
53147526;maria.rodriguez@example.com;Maria;Rodriguez;Lopez;1999/02/15;F;inhabilitado
64857086;maria.rodriguez@example.com;Maria;Rodriguez;Lopez;1999/02/15;F;inhabilitado
60462931;maria.rodriguez@example.com;Maria;Rodriguez;Lopez;1999/02/15;F;inhabilitado
61093815;maria.rodriguez@example.com;Maria;Rodriguez;Lopez;1999/02/15;F;inhabilitado
30407358;maria.rodriguez@example.com;Maria;Rodriguez;Lopez;1999/02/15;F;inhabilitado
56590073;maria.rodriguez@example.com;Maria;Rodriguez;Lopez;1999/02/15;F;inhabilitado
42952891;maria.rodriguez@example.com;Maria;Rodriguez;Lopez;1999/02/15;F;inhabilitado
82009073;maria.rodriguez@example.com;Maria;Rodriguez;Lopez;1999/02/15;F;inhabilitado
22761119;maria.rodriguez@example.com;Maria;Rodriguez;Lopez;1999/02/15;F;inhabilitado
35270070;maria.rodriguez@example.com;Maria;Rodriguez;Lopez;1999/02/15;F;inhabilitado
40912863;maria.rodriguez@example.com;Maria;Rodriguez;Lopez;1999/02/15;F;inhabilitado
41589240;maria.rodriguez@example.com;Maria;Rodriguez;Lopez;1999/02/15;F;inhabilitado
98905136;maria.rodriguez@example.com;Maria;Rodriguez;Lopez;1999/02/15;F;inhabilitado
28209692;maria.rodriguez@example.com;Maria;Rodriguez;Lopez;1999/02/15;F;inhabilitado
21530144;maria.rodriguez@example.com;Maria;Rodriguez;Lopez;1999/02/15;F;inhabilitado
72228049;maria.rodriguez@example.com;Maria;Rodriguez;Lopez;1999/02/15;F;inhabilitado
75290634;maria.rodriguez@example.com;Maria;Rodriguez;Lopez;1999/02/15;F;inhabilitado
21355155;maria.rodriguez@example.com;Maria;Rodriguez;Lopez;1999/02/15;F;inhabilitado
75171157;maria.rodriguez@example.com;Maria;Rodriguez;Lopez;1999/02/15;F;inhabilitado
77737997;maria.rodriguez@example.com;Maria;Rodriguez;Lopez;1999/02/15;F;inhabilitado
97310917;maria.rodriguez@example.com;Maria;Rodriguez;Lopez;1999/02/15;F;inhabilitado
63029974;maria.rodriguez@example.com;Maria;Rodriguez;Lopez;1999/02/15;F;inhabilitado
87678119;maria.rodriguez@example.com;Maria;Rodriguez;Lopez;1999/02/15;F;inhabilitado
20814908;maria.rodriguez@example.com;Maria;Rodriguez;Lopez;1999/02/15;F;inhabilitado
94909202;maria.rodriguez@example.com;Maria;Rodriguez;Lopez;1999/02/15;F;inhabilitado
21180254;maria.rodriguez@example.com;Maria;Rodriguez;Lopez;1999/02/15;F;inhabilitado
87261235;maria.rodriguez@example.com;Maria;Rodriguez;Lopez;1999/02/15;F;inhabilitado
74061109;maria.rodriguez@example.com;Maria;Rodriguez;Lopez;1999/02/15;F;inhabilitado
47974903;maria.rodriguez@example.com;Maria;Rodriguez;Lopez;1999/02/15;F;inhabilitado
55132331;maria.rodriguez@example.com;Maria;Rodriguez;Lopez;1999/02/15;F;inhabilitado
10640831;maria.rodriguez@example.com;Maria;Rodriguez;Lopez;1999/02/15;F;inhabilitado
75197783;maria.rodriguez@example.com;Maria;Rodriguez;Lopez;1999/02/15;F;inhabilitado
95125346;maria.rodriguez@example.com;Maria;Rodriguez;Lopez;1999/02/15;F;inhabilitado
89970500;maria.rodriguez@example.com;Maria;Rodriguez;Lopez;1999/02/15;F;inhabilitado
98405221;maria.rodriguez@example.com;Maria;Rodriguez;Lopez;1999/02/15;F;inhabilitado
63601088;maria.rodriguez@example.com;Maria;Rodriguez;Lopez;1999/02/15;F;inhabilitado
83080647;maria.rodriguez@example.com;Maria;Rodriguez;Lopez;1999/02/15;F;inhabilitado
24951006;maria.rodriguez@example.com;Maria;Rodriguez;Lopez;1999/02/15;F;inhabilitado
86373720;maria.rodriguez@example.com;Maria;Rodriguez;Lopez;1999/02/15;F;inhabilitado
84393307;maria.rodriguez@example.com;Maria;Rodriguez;Lopez;1999/02/15;F;inhabilitado
42338000;maria.rodriguez@example.com;Maria;Rodriguez;Lopez;1999/02/15;F;inhabilitado
69064225;maria.rodriguez@example.com;Maria;Rodriguez;Lopez;1999/02/15;F;inhabilitado
31034445;maria.rodriguez@example.com;Maria;Rodriguez;Lopez;1999/02/15;F;inhabilitado
76872967;maria.rodriguez@example.com;Maria;Rodriguez;Lopez;1999/02/15;F;inhabilitado
37889041;maria.rodriguez@example.com;Maria;Rodriguez;Lopez;1999/02/15;F;inhabilitado
83518302;maria.rodriguez@example.com;Maria;Rodriguez;Lopez;1999/02/15;F;inhabilitado
63197811;maria.rodriguez@example.com;Maria;Rodriguez;Lopez;1999/02/15;F;inhabilitado
78746172;maria.rodriguez@example.com;Maria;Rodriguez;Lopez;1999/02/15;F;inhabilitado
78032684;maria.rodriguez@example.com;Maria;Rodriguez;Lopez;1999/02/15;F;inhabilitado
94402641;maria.rodriguez@example.com;Maria;Rodriguez;Lopez;1999/02/15;F;inhabilitado
29362132;maria.rodriguez@example.com;Maria;Rodriguez;Lopez;1999/02/15;F;inhabilitado
27815168;maria.rodriguez@example.com;Maria;Rodriguez;Lopez;1999/02/15;F;inhabilitado
15967437;maria.rodriguez@example.com;Maria;Rodriguez;Lopez;1999/02/15;F;inhabilitado
76336450;maria.rodriguez@example.com;Maria;Rodriguez;Lopez;1999/02/15;F;inhabilitado
47236624;maria.rodriguez@example.com;Maria;Rodriguez;Lopez;1999/02/15;F;inhabilitado
61668240;maria.rodriguez@example.com;Maria;Rodriguez;Lopez;1999/02/15;F;inhabilitado
85259423;maria.rodriguez@example.com;Maria;Rodriguez;Lopez;1999/02/15;F;inhabilitado
67728972;maria.rodriguez@example.com;Maria;Rodriguez;Lopez;1999/02/15;F;inhabilitado
84520603;maria.rodriguez@example.com;Maria;Rodriguez;Lopez;1999/02/15;F;inhabilitado
48824823;maria.rodriguez@example.com;Maria;Rodriguez;Lopez;1999/02/15;F;inhabilitado
47531148;maria.rodriguez@example.com;Maria;Rodriguez;Lopez;1999/02/15;F;inhabilitado
44575093;maria.rodriguez@example.com;Maria;Rodriguez;Lopez;1999/02/15;F;inhabilitado
79823283;maria.rodriguez@example.com;Maria;Rodriguez;Lopez;1999/02/15;F;inhabilitado
85181024;maria.rodriguez@example.com;Maria;Rodriguez;Lopez;1999/02/15;F;inhabilitado
26231638;maria.rodriguez@example.com;Maria;Rodriguez;Lopez;1999/02/15;F;inhabilitado
46032459;maria.rodriguez@example.com;Maria;Rodriguez;Lopez;1999/02/15;F;inhabilitado
58832971;maria.rodriguez@example.com;Maria;Rodriguez;Lopez;1999/02/15;F;inhabilitado
51159256;maria.rodriguez@example.com;Maria;Rodriguez;Lopez;1999/02/15;F;inhabilitado
69948397;maria.rodriguez@example.com;Maria;Rodriguez;Lopez;1999/02/15;F;inhabilitado
10183045;maria.rodriguez@example.com;Maria;Rodriguez;Lopez;1999/02/15;F;inhabilitado
61279911;maria.rodriguez@example.com;Maria;Rodriguez;Lopez;1999/02/15;F;inhabilitado
63628646;maria.rodriguez@example.com;Maria;Rodriguez;Lopez;1999/02/15;F;inhabilitado
33714051;maria.rodriguez@example.com;Maria;Rodriguez;Lopez;1999/02/15;F;inhabilitado
54589496;maria.rodriguez@example.com;Maria;Rodriguez;Lopez;1999/02/15;F;inhabilitado
45531598;maria.rodriguez@example.com;Maria;Rodriguez;Lopez;1999/02/15;F;inhabilitado
79005699;maria.rodriguez@example.com;Maria;Rodriguez;Lopez;1999/02/15;F;inhabilitado
88139316;maria.rodriguez@example.com;Maria;Rodriguez;Lopez;1999/02/15;F;inhabilitado
26758027;maria.rodriguez@example.com;Maria;Rodriguez;Lopez;1999/02/15;F;inhabilitado
47517049;maria.rodriguez@example.com;Maria;Rodriguez;Lopez;1999/02/15;F;inhabilitado
27201420;maria.rodriguez@example.com;Maria;Rodriguez;Lopez;1999/02/15;F;inhabilitado
50821206;maria.rodriguez@example.com;Maria;Rodriguez;Lopez;1999/02/15;F;inhabilitado
34580044;maria.rodriguez@example.com;Maria;Rodriguez;Lopez;1999/02/15;F;inhabilitado
96937668;maria.rodriguez@example.com;Maria;Rodriguez;Lopez;1999/02/15;F;inhabilitado
44723354;maria.rodriguez@example.com;Maria;Rodriguez;Lopez;1999/02/15;F;inhabilitado
47246327;maria.rodriguez@example.com;Maria;Rodriguez;Lopez;1999/02/15;F;inhabilitado
55483861;maria.rodriguez@example.com;Maria;Rodriguez;Lopez;1999/02/15;F;inhabilitado
39280690;maria.rodriguez@example.com;Maria;Rodriguez;Lopez;1999/02/15;F;inhabilitado
89352597;maria.rodriguez@example.com;Maria;Rodriguez;Lopez;1999/02/15;F;inhabilitado
88940104;maria.rodriguez@example.com;Maria;Rodriguez;Lopez;1999/02/15;F;inhabilitado
82570606;maria.rodriguez@example.com;Maria;Rodriguez;Lopez;1999/02/15;F;inhabilitado
14264421;maria.rodriguez@example.com;Maria;Rodriguez;Lopez;1999/02/15;F;inhabilitado
89527464;maria.rodriguez@example.com;Maria;Rodriguez;Lopez;1999/02/15;F;inhabilitado
69583654;maria.rodriguez@example.com;Maria;Rodriguez;Lopez;1999/02/15;F;inhabilitado
20502772;maria.rodriguez@example.com;Maria;Rodriguez;Lopez;1999/02/15;F;inhabilitado
78480197;maria.rodriguez@example.com;Maria;Rodriguez;Lopez;1999/02/15;F;inhabilitado
72005270;maria.rodriguez@example.com;Maria;Rodriguez;Lopez;1999/02/15;F;inhabilitado
79712489;maria.rodriguez@example.com;Maria;Rodriguez;Lopez;1999/02/15;F;inhabilitado
79035304;maria.rodriguez@example.com;Maria;Rodriguez;Lopez;1999/02/15;F;inhabilitado
41645192;maria.rodriguez@example.com;Maria;Rodriguez;Lopez;1999/02/15;F;inhabilitado
65283041;maria.rodriguez@example.com;Maria;Rodriguez;Lopez;1999/02/15;F;inhabilitado
66381528;maria.rodriguez@example.com;Maria;Rodriguez;Lopez;1999/02/15;F;inhabilitado
83246809;maria.rodriguez@example.com;Maria;Rodriguez;Lopez;1999/02/15;F;inhabilitado
69450762;maria.rodriguez@example.com;Maria;Rodriguez;Lopez;1999/02/15;F;inhabilitado
29772992;maria.rodriguez@example.com;Maria;Rodriguez;Lopez;1999/02/15;F;inhabilitado
87708373;maria.rodriguez@example.com;Maria;Rodriguez;Lopez;1999/02/15;F;inhabilitado
89944582;maria.rodriguez@example.com;Maria;Rodriguez;Lopez;1999/02/15;F;inhabilitado
90412102;maria.rodriguez@example.com;Maria;Rodriguez;Lopez;1999/02/15;F;inhabilitado
59168238;maria.rodriguez@example.com;Maria;Rodriguez;Lopez;1999/02/15;F;inhabilitado
71873152;maria.rodriguez@example.com;Maria;Rodriguez;Lopez;1999/02/15;F;inhabilitado
36828668;maria.rodriguez@example.com;Maria;Rodriguez;Lopez;1999/02/15;F;inhabilitado
53322638;maria.rodriguez@example.com;Maria;Rodriguez;Lopez;1999/02/15;F;inhabilitado
42695684;maria.rodriguez@example.com;Maria;Rodriguez;Lopez;1999/02/15;F;inhabilitado
74004188;maria.rodriguez@example.com;Maria;Rodriguez;Lopez;1999/02/15;F;inhabilitado
51497452;maria.rodriguez@example.com;Maria;Rodriguez;Lopez;1999/02/15;F;inhabilitado
94988574;maria.rodriguez@example.com;Maria;Rodriguez;Lopez;1999/02/15;F;inhabilitado
48662357;maria.rodriguez@example.com;Maria;Rodriguez;Lopez;1999/02/15;F;inhabilitado
15272788;maria.rodriguez@example.com;Maria;Rodriguez;Lopez;1999/02/15;F;inhabilitado
25601279;maria.rodriguez@example.com;Maria;Rodriguez;Lopez;1999/02/15;F;inhabilitado
52609126;maria.rodriguez@example.com;Maria;Rodriguez;Lopez;1999/02/15;F;inhabilitado
74887750;maria.rodriguez@example.com;Maria;Rodriguez;Lopez;1999/02/15;F;inhabilitado
42914257;maria.rodriguez@example.com;Maria;Rodriguez;Lopez;1999/02/15;F;inhabilitado
17637245;maria.rodriguez@example.com;Maria;Rodriguez;Lopez;1999/02/15;F;inhabilitado
75284720;maria.rodriguez@example.com;Maria;Rodriguez;Lopez;1999/02/15;F;inhabilitado
97040010;maria.rodriguez@example.com;Maria;Rodriguez;Lopez;1999/02/15;F;inhabilitado
13919720;maria.rodriguez@example.com;Maria;Rodriguez;Lopez;1999/02/15;F;inhabilitado
23596875;maria.rodriguez@example.com;Maria;Rodriguez;Lopez;1999/02/15;F;inhabilitado
90432561;maria.rodriguez@example.com;Maria;Rodriguez;Lopez;1999/02/15;F;inhabilitado
46860442;maria.rodriguez@example.com;Maria;Rodriguez;Lopez;1999/02/15;F;inhabilitado
44788602;maria.rodriguez@example.com;Maria;Rodriguez;Lopez;1999/02/15;F;inhabilitado
80867275;maria.rodriguez@example.com;Maria;Rodriguez;Lopez;1999/02/15;F;inhabilitado
55844884;maria.rodriguez@example.com;Maria;Rodriguez;Lopez;1999/02/15;F;inhabilitado
49836451;maria.rodriguez@example.com;Maria;Rodriguez;Lopez;1999/02/15;F;inhabilitado
95019109;maria.rodriguez@example.com;Maria;Rodriguez;Lopez;1999/02/15;F;inhabilitado
23248770;maria.rodriguez@example.com;Maria;Rodriguez;Lopez;1999/02/15;F;inhabilitado
99026984;maria.rodriguez@example.com;Maria;Rodriguez;Lopez;1999/02/15;F;inhabilitado
53767163;maria.rodriguez@example.com;Maria;Rodriguez;Lopez;1999/02/15;F;inhabilitado
93520656;maria.rodriguez@example.com;Maria;Rodriguez;Lopez;1999/02/15;F;inhabilitado
91329684;maria.rodriguez@example.com;Maria;Rodriguez;Lopez;1999/02/15;F;inhabilitado
68789186;maria.rodriguez@example.com;Maria;Rodriguez;Lopez;1999/02/15;F;inhabilitado
15262892;maria.rodriguez@example.com;Maria;Rodriguez;Lopez;1999/02/15;F;inhabilitado
85802358;maria.rodriguez@example.com;Maria;Rodriguez;Lopez;1999/02/15;F;inhabilitado
23828215;maria.rodriguez@example.com;Maria;Rodriguez;Lopez;1999/02/15;F;inhabilitado
81512797;maria.rodriguez@example.com;Maria;Rodriguez;Lopez;1999/02/15;F;inhabilitado
55810854;maria.rodriguez@example.com;Maria;Rodriguez;Lopez;1999/02/15;F;inhabilitado
10753631;maria.rodriguez@example.com;Maria;Rodriguez;Lopez;1999/02/15;F;inhabilitado
55244785;maria.rodriguez@example.com;Maria;Rodriguez;Lopez;1999/02/15;F;inhabilitado
15223931;maria.rodriguez@example.com;Maria;Rodriguez;Lopez;1999/02/15;F;inhabilitado
19340465;maria.rodriguez@example.com;Maria;Rodriguez;Lopez;1999/02/15;F;inhabilitado
66092690;maria.rodriguez@example.com;Maria;Rodriguez;Lopez;1999/02/15;F;inhabilitado
36478502;maria.rodriguez@example.com;Maria;Rodriguez;Lopez;1999/02/15;F;inhabilitado
98412024;maria.rodriguez@example.com;Maria;Rodriguez;Lopez;1999/02/15;F;inhabilitado
56332939;maria.rodriguez@example.com;Maria;Rodriguez;Lopez;1999/02/15;F;inhabilitado
29429760;maria.rodriguez@example.com;Maria;Rodriguez;Lopez;1999/02/15;F;inhabilitado
39307890;maria.rodriguez@example.com;Maria;Rodriguez;Lopez;1999/02/15;F;inhabilitado
59798470;maria.rodriguez@example.com;Maria;Rodriguez;Lopez;1999/02/15;F;inhabilitado
93504582;maria.rodriguez@example.com;Maria;Rodriguez;Lopez;1999/02/15;F;inhabilitado
89631157;maria.rodriguez@example.com;Maria;Rodriguez;Lopez;1999/02/15;F;inhabilitado
44118085;maria.rodriguez@example.com;Maria;Rodriguez;Lopez;1999/02/15;F;inhabilitado
44860206;maria.rodriguez@example.com;Maria;Rodriguez;Lopez;1999/02/15;F;inhabilitado
88555620;maria.rodriguez@example.com;Maria;Rodriguez;Lopez;1999/02/15;F;inhabilitado
52039275;maria.rodriguez@example.com;Maria;Rodriguez;Lopez;1999/02/15;F;inhabilitado
77620062;maria.rodriguez@example.com;Maria;Rodriguez;Lopez;1999/02/15;F;inhabilitado
92327936;maria.rodriguez@example.com;Maria;Rodriguez;Lopez;1999/02/15;F;inhabilitado
58084477;maria.rodriguez@example.com;Maria;Rodriguez;Lopez;1999/02/15;F;inhabilitado
57122251;maria.rodriguez@example.com;Maria;Rodriguez;Lopez;1999/02/15;F;inhabilitado
40171566;maria.rodriguez@example.com;Maria;Rodriguez;Lopez;1999/02/15;F;inhabilitado
50978566;maria.rodriguez@example.com;Maria;Rodriguez;Lopez;1999/02/15;F;inhabilitado
63692250;maria.rodriguez@example.com;Maria;Rodriguez;Lopez;1999/02/15;F;inhabilitado
21718490;maria.rodriguez@example.com;Maria;Rodriguez;Lopez;1999/02/15;F;inhabilitado
71554693;maria.rodriguez@example.com;Maria;Rodriguez;Lopez;1999/02/15;F;inhabilitado
57321612;maria.rodriguez@example.com;Maria;Rodriguez;Lopez;1999/02/15;F;inhabilitado
49185362;maria.rodriguez@example.com;Maria;Rodriguez;Lopez;1999/02/15;F;inhabilitado
22307126;maria.rodriguez@example.com;Maria;Rodriguez;Lopez;1999/02/15;F;inhabilitado
87668777;maria.rodriguez@example.com;Maria;Rodriguez;Lopez;1999/02/15;F;inhabilitado
40187217;maria.rodriguez@example.com;Maria;Rodriguez;Lopez;1999/02/15;F;inhabilitado
24975940;maria.rodriguez@example.com;Maria;Rodriguez;Lopez;1999/02/15;F;inhabilitado
79707545;maria.rodriguez@example.com;Maria;Rodriguez;Lopez;1999/02/15;F;inhabilitado
36022025;maria.rodriguez@example.com;Maria;Rodriguez;Lopez;1999/02/15;F;inhabilitado
77044769;maria.rodriguez@example.com;Maria;Rodriguez;Lopez;1999/02/15;F;inhabilitado
67959499;maria.rodriguez@example.com;Maria;Rodriguez;Lopez;1999/02/15;F;inhabilitado
28408973;maria.rodriguez@example.com;Maria;Rodriguez;Lopez;1999/02/15;F;inhabilitado
46226841;maria.rodriguez@example.com;Maria;Rodriguez;Lopez;1999/02/15;F;inhabilitado
66601492;maria.rodriguez@example.com;Maria;Rodriguez;Lopez;1999/02/15;F;inhabilitado
95727024;maria.rodriguez@example.com;Maria;Rodriguez;Lopez;1999/02/15;F;inhabilitado
18309744;maria.rodriguez@example.com;Maria;Rodriguez;Lopez;1999/02/15;F;inhabilitado
75178361;maria.rodriguez@example.com;Maria;Rodriguez;Lopez;1999/02/15;F;inhabilitado
64688601;maria.rodriguez@example.com;Maria;Rodriguez;Lopez;1999/02/15;F;inhabilitado
65807060;maria.rodriguez@example.com;Maria;Rodriguez;Lopez;1999/02/15;F;inhabilitado
96829155;maria.rodriguez@example.com;Maria;Rodriguez;Lopez;1999/02/15;F;inhabilitado
51377801;maria.rodriguez@example.com;Maria;Rodriguez;Lopez;1999/02/15;F;inhabilitado
10673512;maria.rodriguez@example.com;Maria;Rodriguez;Lopez;1999/02/15;F;inhabilitado
96170714;maria.rodriguez@example.com;Maria;Rodriguez;Lopez;1999/02/15;F;inhabilitado
81766320;maria.rodriguez@example.com;Maria;Rodriguez;Lopez;1999/02/15;F;inhabilitado
32322764;maria.rodriguez@example.com;Maria;Rodriguez;Lopez;1999/02/15;F;inhabilitado
50385440;maria.rodriguez@example.com;Maria;Rodriguez;Lopez;1999/02/15;F;inhabilitado
45153409;maria.rodriguez@example.com;Maria;Rodriguez;Lopez;1999/02/15;F;inhabilitado
30620864;maria.rodriguez@example.com;Maria;Rodriguez;Lopez;1999/02/15;F;inhabilitado
44933368;maria.rodriguez@example.com;Maria;Rodriguez;Lopez;1999/02/15;F;inhabilitado
34304600;maria.rodriguez@example.com;Maria;Rodriguez;Lopez;1999/02/15;F;inhabilitado
50447352;maria.rodriguez@example.com;Maria;Rodriguez;Lopez;1999/02/15;F;inhabilitado
91291604;maria.rodriguez@example.com;Maria;Rodriguez;Lopez;1999/02/15;F;inhabilitado
27709626;maria.rodriguez@example.com;Maria;Rodriguez;Lopez;1999/02/15;F;inhabilitado
79458528;maria.rodriguez@example.com;Maria;Rodriguez;Lopez;1999/02/15;F;inhabilitado
50849758;maria.rodriguez@example.com;Maria;Rodriguez;Lopez;1999/02/15;F;inhabilitado
81197254;maria.rodriguez@example.com;Maria;Rodriguez;Lopez;1999/02/15;F;inhabilitado
28438255;maria.rodriguez@example.com;Maria;Rodriguez;Lopez;1999/02/15;F;inhabilitado
32137109;maria.rodriguez@example.com;Maria;Rodriguez;Lopez;1999/02/15;F;inhabilitado
81060042;maria.rodriguez@example.com;Maria;Rodriguez;Lopez;1999/02/15;F;inhabilitado
69126810;maria.rodriguez@example.com;Maria;Rodriguez;Lopez;1999/02/15;F;inhabilitado
84630270;maria.rodriguez@example.com;Maria;Rodriguez;Lopez;1999/02/15;F;inhabilitado
52140068;maria.rodriguez@example.com;Maria;Rodriguez;Lopez;1999/02/15;F;inhabilitado
92498339;maria.rodriguez@example.com;Maria;Rodriguez;Lopez;1999/02/15;F;inhabilitado
72689726;maria.rodriguez@example.com;Maria;Rodriguez;Lopez;1999/02/15;F;inhabilitado
34004006;maria.rodriguez@example.com;Maria;Rodriguez;Lopez;1999/02/15;F;inhabilitado
56286211;maria.rodriguez@example.com;Maria;Rodriguez;Lopez;1999/02/15;F;inhabilitado
20942124;maria.rodriguez@example.com;Maria;Rodriguez;Lopez;1999/02/15;F;inhabilitado
49574289;maria.rodriguez@example.com;Maria;Rodriguez;Lopez;1999/02/15;F;inhabilitado
25248858;maria.rodriguez@example.com;Maria;Rodriguez;Lopez;1999/02/15;F;inhabilitado
92853282;maria.rodriguez@example.com;Maria;Rodriguez;Lopez;1999/02/15;F;inhabilitado
41210454;maria.rodriguez@example.com;Maria;Rodriguez;Lopez;1999/02/15;F;inhabilitado
16301513;maria.rodriguez@example.com;Maria;Rodriguez;Lopez;1999/02/15;F;inhabilitado
86952832;maria.rodriguez@example.com;Maria;Rodriguez;Lopez;1999/02/15;F;inhabilitado
18761288;maria.rodriguez@example.com;Maria;Rodriguez;Lopez;1999/02/15;F;inhabilitado
91635823;maria.rodriguez@example.com;Maria;Rodriguez;Lopez;1999/02/15;F;inhabilitado
33888925;maria.rodriguez@example.com;Maria;Rodriguez;Lopez;1999/02/15;F;inhabilitado
73855573;maria.rodriguez@example.com;Maria;Rodriguez;Lopez;1999/02/15;F;inhabilitado
